insert into amazon_auto_accessory.valid_related_product_id_type values
('GCID'),
('ASIN'),
('EAN'),
('UPC'),
('GTIN');

insert into amazon_auto_accessory.valid_sole_material values
('Fabric'),
('Leather'),
('Leather Manmade Fabric'),
('Manmade'),
('Manmade Fabric'),
('Leather Manmade'),
('Leather Fabric');

insert into amazon_auto_accessory.valid_orientation values
('passengers_side'),
('drivers_side');

insert into amazon_auto_accessory.valid_special_size_type values
('wide'),
('short'),
('petite'),
('slim'),
('long'),
('misses'),
('plus-size'),
('maternity'),
('double-wide'),
('tall'),
('husky'),
('narrow'),
('big-tall');

insert into amazon_auto_accessory.valid_chest_size_unit_of_measure values
('CM'),
('IN');

insert into amazon_auto_accessory.valid_product_subtype values
('Underwear'),
('Shoes'),
('Jacket'),
('Gloves'),
('Suit'),
('Pants'),
('Shirt');

insert into amazon_auto_accessory.valid_light_source_type values
('Halogen'),
('LED'),
('High Intensity Discharge (HID)'),
('Projector');

insert into amazon_auto_accessory.valid_is_autographed values
('True'),
('False');

insert into amazon_auto_accessory.valid_heel_type values
('Platform'),
('Wedge');

insert into amazon_auto_accessory.valid_item_diameter_unit_of_measure values
('FT'),
('CM'),
('MM'),
('M'),
('IN');

insert into amazon_auto_accessory.valid_fabric_type values
('leather patent'),
('textile/mesh'),
('velvet'),
('fabric'),
('perforated leather'),
('leather'),
('leather nubuck'),
('denim'),
('manmade'),
('mesh/leather'),
('textile/leather'),
('textile'),
('beaded'),
('leather suede'),
('mesh'),
('wool'),
('silk'),
('satin');

insert into amazon_auto_accessory.valid_currency values
('USD');

insert into amazon_auto_accessory.valid_inseam_length_unit_of_measure values
('CM'),
('IN');

insert into amazon_auto_accessory.valid_cpsia_cautionary_statement values
('no_warning_applicable'),
('choking_hazard_contains_a_marble'),
('contains_small_magnets'),
('choking_hazard_is_a_marble'),
('choking_hazard_balloon'),
('choking_hazard_small_parts'),
('choking_hazard_contains_small_ball'),
('choking_hazard_is_a_small_ball');

insert into amazon_auto_accessory.valid_exterior_finish values
('Metallic Finish'),
('Painted'),
('Smooth'),
('Ready To Paint'),
('Textured');

insert into amazon_auto_accessory.valid_relationship_type values
('Customized'),
('Variation'),
('Accessory');

insert into amazon_auto_accessory.valid_website_shipping_weight_unit_of_measure values
('LB'),
('KG'),
('GR'),
('OZ');

insert into amazon_auto_accessory.valid_is_memorabilia values
('True'),
('False');

insert into amazon_auto_accessory.valid_pulley_type values
('dual_v_belt'),
('v_belt'),
('serpentine');

insert into amazon_auto_accessory.valid_country_of_origin values
('Canada'),
('Guinea-Bissau'),
('Saint Helena'),
('Unknown'),
('Lithuania'),
('Cambodia'),
('Switzerland'),
('Ethiopia'),
('Aruba'),
('Swaziland'),
('Argentina'),
('Bolivia'),
('Cameroon'),
('Burkina Faso'),
('Turkmenistan'),
('Ghana'),
('Saudi Arabia'),
('Togo'),
('Japan'),
('Cape Verde'),
('Cocos (Keeling) Islands'),
('Slovenia'),
('Guatemala'),
('Bosnia and Herzegovina'),
('Kuwait'),
('Burma (Myanmar)'),
('Jordan'),
('Dominica'),
('Liberia'),
('Maldives'),
('Jamaica'),
('Oman'),
('Tanzania'),
('Martinique'),
('Saint Kitts And Nevis'),
('Ivory Coast'),
('Albania'),
('Gabon'),
('Niue'),
('Monaco'),
('Wallis and Futuna'),
('New Zealand'),
('Yemen'),
('Jersey'),
('Andorra'),
('Greenland'),
('Samoa'),
('Macau'),
('S. Georgia and S. Sandwich Isls.'),
('Norfolk Island'),
('United Arab Emirates'),
('Guam'),
('India'),
('Azerbaijan'),
('Lesotho'),
('Saint Vincent And The Grenadines'),
('Kenya'),
('South Korea'),
('Tajikistan'),
('Turkey'),
('Afghanistan'),
('Bangladesh'),
('Mauritania'),
('Solomon Islands'),
('Saint Lucia'),
('Hungary'),
('San Marino'),
('French Polynesia'),
('France'),
('Bermuda'),
('Slovakia'),
('Somalia'),
('Peru'),
('Laos'),
('Nauru'),
('Seychelles'),
('Norway'),
('Malawi'),
('Cook Islands'),
('Benin'),
('Western Sahara'),
('Cuba'),
('Republic of the Congo'),
('Mayotte'),
('China'),
('Armenia'),
('Dominican Republic'),
('Mongolia'),
('Ukraine'),
('Bahrain'),
('Tonga'),
('Finland'),
('Libya'),
('New Caledonia'),
('Cayman Islands'),
('Central African Republic'),
('Heard and McDonald Islands'),
('Mauritius'),
('Liechtenstein'),
('Australia'),
('Antigua And Barbuda'),
('Mali'),
('Russia'),
('Bulgaria'),
('United States'),
('Romania'),
('Angola'),
('French Southern Territories'),
('Chad'),
('South Africa'),
('Tokelau'),
('Cyprus'),
('Sweden'),
('Qatar'),
('Malaysia'),
('Austria'),
('Vietnam'),
('Mozambique'),
('Uganda'),
('Canary Islands'),
('British Virgin Islands'),
('Niger'),
('Isle of Man'),
('Brazil'),
('Turks And Caicos Islands'),
('Falkland Islands'),
('Faroe Islands'),
('Guinea'),
('Panama'),
('Costa Rica'),
('Luxembourg'),
('American Samoa'),
('Bahamas'),
('Gibraltar'),
('Ireland'),
('Pakistan'),
('Palau'),
('Nigeria'),
('Ecuador'),
('Czech Republic'),
('US Virgin Islands'),
('Brunei'),
('Belarus'),
('Iran'),
('Algeria'),
('Svalbard'),
('El Salvador'),
('Tuvalu'),
('Zaire'),
('Pitcairn Islands'),
('Saint Pierre and Miquelon'),
('Marshall Islands'),
('Chile'),
('Puerto Rico'),
('Belgium'),
('Kiribati'),
('Haiti'),
('Belize'),
('Hong Kong'),
('Sierra Leone'),
('Georgia'),
('Gambia'),
('Philippines'),
('Sao Tome And Principe'),
('Moldova'),
('Holy See (Vatican City)'),
('Croatia'),
('Micronesia'),
('Guernsey'),
('Thailand'),
('Namibia'),
('Grenada'),
('Iraq'),
('Portugal'),
('Estonia'),
('Uruguay'),
('Equatorial Guinea'),
('Lebanon'),
('Uzbekistan'),
('Tunisia'),
('Djibouti'),
('Rwanda'),
('Timor-Leste'),
('Spain'),
('Colombia'),
('Reunion'),
('Burundi'),
('Taiwan'),
('Fiji'),
('Barbados'),
('Madagascar'),
('Italy'),
('Bhutan'),
('Sudan'),
('Nepal'),
('Malta'),
('Democratic Republic of the Congo'),
('Netherlands'),
('Northern Mariana Islands'),
('Suriname'),
('Anguilla'),
('Venezuela'),
('Netherlands Antilles'),
('Aland Islands'),
('Israel'),
('Indonesia'),
('Iceland'),
('Zambia'),
('Senegal'),
('Papua New Guinea'),
('Zimbabwe'),
('Germany'),
('Vanuatu'),
('Denmark'),
('Saint-Martin'),
('Kazakhstan'),
('Poland'),
('Eritrea'),
('Kyrgyzstan'),
('Palestinian Territory'),
('British Indian Ocean Territory'),
('Montserrat'),
('Mexico'),
('Macedonia'),
('North Korea'),
('Sri Lanka'),
('Latvia'),
('Guyana'),
('Syria'),
('Guadeloupe'),
('Morocco'),
('Honduras'),
('Bouvet Island'),
('Egypt'),
('Nicaragua'),
('Singapore'),
('Serbia'),
('Botswana'),
('United Kingdom'),
('Trinidad And Tobago'),
('Antarctica'),
('Christmas Island'),
('Greece'),
('Paraguay'),
('French Guiana'),
('Comoros'),
('US Minor Outlying Islands');

insert into amazon_auto_accessory.valid_item_display_diameter_unit_of_measure values
('FT'),
('CM'),
('MM'),
('M'),
('IN');

insert into amazon_auto_accessory.valid_neck_size_unit_of_measure values
('CM'),
('IN');

insert into amazon_auto_accessory.valid_control_type values
('Manual'),
('Manual Remote'),
('Power');

insert into amazon_auto_accessory.valid_closure_type values
('Side Zip'),
('Lace Up'),
('Flip Flop'),
('Buckle'),
('Slingback'),
('Slip On'),
('Pull On'),
('Backstrap'),
('Velcro');

insert into amazon_auto_accessory.valid_external_product_id_type values
('GCID'),
('GTIN'),
('UPC'),
('EAN');

insert into amazon_auto_accessory.valid_amperage_unit_of_measure values
('microamps'),
('picoamps'),
('kiloamps'),
('milliamps'),
('nanoamps'),
('amps');

insert into amazon_auto_accessory.valid_color_map values
('blue'),
('brown'),
('gold'),
('gray'),
('purple'),
('unpainted'),
('yellow'),
('off-white'),
('metallic'),
('pink'),
('black'),
('red'),
('orange'),
('green'),
('white'),
('silver'),
('bronze');

insert into amazon_auto_accessory.valid_condition_type values
('UsedGood'),
('CollectibleGood'),
('UsedLikeNew'),
('UsedVeryGood'),
('CollectibleAcceptable'),
('Refurbished'),
('New'),
('CollectibleLikeNew'),
('CollectibleVeryGood'),
('UsedAcceptable');

insert into amazon_auto_accessory.valid_product_tax_code values
('A_GEN_NOTAX');

insert into amazon_auto_accessory.valid_parent_child values
('parent'),
('child');

insert into amazon_auto_accessory.valid_lens_curvature values
('Flat'),
('Convex');

insert into amazon_auto_accessory.valid_maximum_height_recommendation_unit_of_measure values
('FT'),
('CM'),
('MM'),
('M'),
('IN');

insert into amazon_auto_accessory.valid_is_foldable values
('True'),
('False');

insert into amazon_auto_accessory.valid_gtin_exemption_reason values
('ReplacementPart'),
('CustomProductBundle');

insert into amazon_auto_accessory.valid_material_type values
('leather patent'),
('textile/mesh'),
('velvet'),
('fabric'),
('perforated leather'),
('leather'),
('leather nubuck'),
('denim'),
('manmade'),
('mesh/leather'),
('textile/leather'),
('textile'),
('beaded'),
('leather suede'),
('mesh'),
('wool'),
('silk'),
('satin');

insert into amazon_auto_accessory.valid_shaft_height_unit_of_measure values
('FT'),
('CM'),
('MM'),
('M'),
('IN');

insert into amazon_auto_accessory.valid_item_weight_unit_of_measure values
('LB'),
('KG'),
('GR'),
('OZ');

insert into amazon_auto_accessory.valid_update_delete values
('Update'),
('PartialUpdate'),
('Delete');

insert into amazon_auto_accessory.valid_external_testing_certification values
('Snell SA-95 Certified'),
('Snell K-98 Certified'),
('Snell M-95 Certified'),
('Novelty'),
('Other'),
('Automatic Day/Night'),
('Snell 2010 Certified'),
('Snell M2010'),
('Snell K2005 Certified'),
('Snell S-98 Certified'),
('None'),
('Snell SA2006 Certified'),
('Snell SA2000 Certified'),
('EN 22/05 Certified'),
('Manual Day/Night'),
('CAPA'),
('Snell M2005 Certified'),
('Snell M2000 Certified'),
('DOT Certified'),
('BSI 6658 Type A Certified'),
('Snell RS-98 Certified'),
('Snell N-94 Certified');

insert into amazon_auto_accessory.valid_feed_product_type values
('AutoAccessoryMisc'),
('Helmet'),
('PowersportsPart'),
('AutoPart'),
('RidingApparel'),
('ProtectiveGear');

insert into amazon_auto_accessory.valid_heel_height_unit_of_measure values
('FT'),
('CM'),
('MM'),
('M'),
('IN');

insert into amazon_auto_accessory.valid_style_keywords values
('insulated'),
('flannel-lined'),
('all-weather'),
('windproof'),
('waterproof'),
('breathable'),
('tearaway'),
('non-breathable'),
('midweight'),
('water-resistant'),
('stretch'),
('heavyweight'),
('expedition-weight'),
('compression'),
('lightweight'),
('seam-sealed'),
('lined'),
('wrinkle-resistant'),
('fur-lined');

insert into amazon_auto_accessory.valid_waist_size_unit_of_measure values
('CM'),
('IN');

insert into amazon_auto_accessory.valid_belt_width_unit_of_measure values
('FT'),
('CM'),
('MM'),
('M'),
('IN');

insert into amazon_auto_accessory.valid_light_type values
('Turn Signal Indicator');

insert into amazon_auto_accessory.valid_auto_part_position_id values
('upper'),
('front_outer'),
('right'),
('left_inner'),
('rear_left'),
('front_right_inner'),
('top_right'),
('rear_lower'),
('right_upper'),
('left_intermediate'),
('rear_outer'),
('rear_inner'),
('left_outer'),
('front_left'),
('front_left_outer'),
('driveline'),
('front_outside'),
('left_upper'),
('rear_left_lower'),
('outer'),
('rear_outside'),
('bottom'),
('rear_left_inner'),
('top'),
('rear_left_upper'),
('right_center'),
('front_right_outer'),
('left_inside'),
('outside'),
('intermediate'),
('inner'),
('left_outside'),
('right_intermediate'),
('inside_center'),
('right_outside'),
('rear_right'),
('right_lower'),
('bottom_right'),
('right_inside'),
('front_inside'),
('front_left_upper'),
('left_lower'),
('rear_upper'),
('right_outer'),
('rear_inside'),
('front_right'),
('front_center'),
('front'),
('bottom_left'),
('rear'),
('rear_right_outer'),
('lower'),
('top_left'),
('rear_right_inner'),
('rear_center'),
('inside'),
('rear_right_upper'),
('left_center'),
('rear_right_lower'),
('right_inner'),
('rear_left_outer'),
('front_right_upper'),
('front_inner'),
('front_lower'),
('front_left_lower'),
('front_left_inner'),
('front_upper'),
('front_right_lower'),
('left');

insert into amazon_auto_accessory.valid_special_features values
('Breakaway'),
('Extendable'),
('Puddle Lamp'),
('Memory'),
('Power Folding');

insert into amazon_auto_accessory.valid_shoe_width values
('A'),
('AA'),
('C'),
('B'),
('AAA'),
('D'),
('EE'),
('EEEE'),
('AAAA'),
('EEE'),
('E'),
('EEEEE');

insert into amazon_auto_accessory.valid_compatible_with_vehicle_type values
('Street Bike'),
('Scooter'),
('Dirt Bike'),
('Cruiser/ Touring'),
('ATV'),
('UTV'),
('Adventure'),
('Personal Watercraft'),
('All of the above'),
('Snowmobile');

insert into amazon_auto_accessory.valid_inner_material_type values
('denim'),
('leather manmade'),
('textile'),
('leather suede manmade'),
('sheepskin'),
('satin'),
('cotton'),
('leather patent'),
('canvas'),
('patent-leather'),
('velvet'),
('fabric'),
('leather suede leather nubuck'),
('plastic'),
('rubber'),
('leather nubuck manmade'),
('leather fabric'),
('wool'),
('nubuck'),
('leather suede fabric'),
('perfe'),
('leather nubuck fabric'),
('Leather'),
('leather nubuck'),
('leather patent manmade'),
('manmade'),
('textile/leather'),
('cloth'),
('leather suede'),
('mesh'),
('vinyl'),
('silk'),
('leather patent leather suede'),
('leatherette'),
('velour'),
('perforated leather'),
('leather'),
('leather manmade fabric'),
('metal'),
('cordura'),
('leather patent fabric'),
('beaded'),
('suede'),
('leather patent leather nubuck'),
('neoprene');

insert into amazon_auto_accessory.valid_shaft_height values
('Ankle'),
('Mid-Calf'),
('Knee-High'),
('Over-the-Knee');

insert into amazon_auto_accessory.valid_is_discontinued_by_manufacturer values
('True'),
('False');

insert into amazon_auto_accessory.valid_variation_theme values
('Color'),
('SizeName-ColorName'),
('SizeName');

insert into amazon_auto_accessory.valid_minimum_height_recommendation_unit_of_measure values
('FT'),
('CM'),
('MM'),
('M'),
('IN');

insert into amazon_auto_accessory.valid_size_map values
('Medium'),
('XXXXX-Large'),
('XXXX-Small'),
('X-Large'),
('XX-Large'),
('Large'),
('XXXXX-Small'),
('XXX-Small'),
('XXX-Large'),
('Small'),
('XX-Small'),
('XXXX-Large'),
('X-Small');

insert into amazon_auto_accessory.valid_belt_length_unit_of_measure values
('FT'),
('CM'),
('MM'),
('M'),
('IN');

insert into amazon_auto_accessory.valid_outer_material_type values
('kevlar'),
('fiberglass'),
('polycarbonate'),
('ABS'),
('composite fiberglass'),
('For Helmets:'),
('carbon fiber');

insert into amazon_auto_accessory.valid_offering_can_be_giftwrapped values
('True'),
('False');

insert into amazon_auto_accessory.valid_item_volume_unit_of_measure values
('cubic-cm'),
('cubic-yd'),
('cup'),
('cubic-ft'),
('cubic-m'),
('quart'),
('liter'),
('ounce'),
('gallon'),
('cubic-in'),
('pint');

insert into amazon_auto_accessory.valid_item_length_unit_of_measure values
('FT'),
('CM'),
('MM'),
('M'),
('IN');

insert into amazon_auto_accessory.valid_department_name values
('baby-girls'),
('unisex-adult'),
('girls'),
('mens'),
('boys'),
('unisex-child'),
('baby-boys'),
('unisex-baby'),
('womens');

insert into amazon_auto_accessory.valid_sleeve_length_unit_of_measure values
('CM'),
('IN');

insert into amazon_auto_accessory.valid_auto_part_profile values
('high'),
('low');

insert into amazon_auto_accessory.valid_missing_keyset_reason values
('NonConsumer'),
('Specialized'),
('PrivateLabel'),
('PreConfigured');

insert into amazon_auto_accessory.valid_cup_size values
('A'),
('C'),
('B'),
('E'),
('D'),
('G'),
('F'),
('I'),
('H'),
('DD'),
('FF'),
('DDD');

insert into amazon_auto_accessory.valid_prop_65 values
('True'),
('False');

insert into amazon_auto_accessory.valid_included_components values
('Comes with housing');

insert into amazon_auto_accessory.valid_offering_can_be_gift_messaged values
('True'),
('False');

insert into amazon_auto_accessory.valid_fulfillment_center_id values
('DEFAULT'),
('AMAZON_NA');

insert into amazon_auto_accessory.valid_operation_mode values
('manual'),
('power');

insert into amazon_auto_accessory.valid_heating_element_type values
('TRUE'),
('FALSE');

