insert into amazon_baby.valid_sensor_technology values
('Nightvision'),
('Room Temperature'),
('No Movement Alarm');

insert into amazon_baby.valid_mfg_minimum_unit_of_measure values
('Months'),
('Years');

insert into amazon_baby.valid_seat_width_unit_of_measure values
('FT'),
('CM'),
('MM'),
('M'),
('IN');

insert into amazon_baby.valid_shoulder_harness_minimum_height_unit_of_measure values
('FT'),
('CM'),
('MM'),
('M'),
('IN');

insert into amazon_baby.valid_frequency_response_unit_of_measure values
('Hz'),
('MHz'),
('GHz');

insert into amazon_baby.valid_sensor_type values
('Audio'),
('Video'),
('Movement');

insert into amazon_baby.valid_material_type_free values
('Lead Free'),
('Phthalate Free'),
('BPA Free'),
('Latex Free');

insert into amazon_baby.valid_item_display_weight_unit_of_measure values
('LB'),
('KG'),
('GR'),
('OZ');

insert into amazon_baby.valid_website_shipping_weight_unit_of_measure values
('LB'),
('KG'),
('GR'),
('OZ');

insert into amazon_baby.valid_lithium_battery_packaging values
('batteries_contained_in_equipment'),
('batteries_only'),
('batteries_packed_with_equipment');

insert into amazon_baby.valid_forward_facing_minimum_weight_unit_of_measure values
('LB'),
('KG'),
('GR'),
('OZ');

insert into amazon_baby.valid_battery_type values
('battery_type_d'),
('battery_type_a'),
('battery_type_c'),
('battery_type_lithium_ion'),
('battery_type_aaa'),
('battery_type_9v'),
('battery_type_aa'),
('battery_type_p76'),
('battery_type_cr123a'),
('battery_type_cr5'),
('battery_type_cr2');

insert into amazon_baby.valid_forward_facing_maximum_weight_unit_of_measure values
('LB'),
('KG'),
('GR'),
('OZ');

insert into amazon_baby.valid_condition_type values
('UsedGood'),
('CollectibleGood'),
('Club'),
('UsedLikeNew'),
('UsedVeryGood'),
('CollectibleAcceptable'),
('Refurbished'),
('New'),
('CollectibleLikeNew'),
('CollectibleVeryGood'),
('UsedAcceptable');

insert into amazon_baby.valid_maximum_anchoring_weight_capacity_unit_of_measure values
('LB'),
('KG'),
('GR'),
('OZ');

insert into amazon_baby.valid_parent_child values
('parent'),
('child');

insert into amazon_baby.valid_seat_length_unit_of_measure values
('FT'),
('CM'),
('MM'),
('M'),
('IN');

insert into amazon_baby.valid_is_recalled values
('True'),
('False');

insert into amazon_baby.valid_package_length_unit_of_measure values
('FT'),
('CM'),
('MM'),
('M'),
('IN');

insert into amazon_baby.valid_country_as_labeled values
('Canada'),
('Guinea-Bissau'),
('Saint Helena'),
('Unknown'),
('Lithuania'),
('Cambodia'),
('Switzerland'),
('Ethiopia'),
('Aruba'),
('Swaziland'),
('Argentina'),
('Bolivia'),
('Cameroon'),
('Burkina Faso'),
('Turkmenistan'),
('Ghana'),
('Saudi Arabia'),
('Togo'),
('Japan'),
('Cape Verde'),
('Cocos (Keeling) Islands'),
('Slovenia'),
('Guatemala'),
('Bosnia and Herzegovina'),
('Kuwait'),
('Burma (Myanmar)'),
('Jordan'),
('Dominica'),
('Liberia'),
('Maldives'),
('Jamaica'),
('Oman'),
('Tanzania'),
('Martinique'),
('Saint Kitts And Nevis'),
('Ivory Coast'),
('Albania'),
('Gabon'),
('Niue'),
('Monaco'),
('Wallis and Futuna'),
('New Zealand'),
('Yemen'),
('Jersey'),
('Andorra'),
('Greenland'),
('Samoa'),
('Macau'),
('S. Georgia and S. Sandwich Isls.'),
('Norfolk Island'),
('United Arab Emirates'),
('Guam'),
('India'),
('Azerbaijan'),
('Lesotho'),
('Saint Vincent And The Grenadines'),
('Kenya'),
('South Korea'),
('Tajikistan'),
('Turkey'),
('Afghanistan'),
('Bangladesh'),
('Mauritania'),
('Solomon Islands'),
('Saint Lucia'),
('Hungary'),
('San Marino'),
('French Polynesia'),
('France'),
('Bermuda'),
('Slovakia'),
('Somalia'),
('Peru'),
('Laos'),
('Nauru'),
('Seychelles'),
('Norway'),
('Malawi'),
('Cook Islands'),
('Benin'),
('Western Sahara'),
('Cuba'),
('Republic of the Congo'),
('Mayotte'),
('China'),
('Armenia'),
('Dominican Republic'),
('Mongolia'),
('Ukraine'),
('Bahrain'),
('Tonga'),
('Finland'),
('Libya'),
('New Caledonia'),
('Cayman Islands'),
('Central African Republic'),
('Heard and McDonald Islands'),
('Mauritius'),
('Liechtenstein'),
('Australia'),
('Antigua And Barbuda'),
('Mali'),
('Russia'),
('Bulgaria'),
('United States'),
('Romania'),
('Angola'),
('French Southern Territories'),
('Chad'),
('South Africa'),
('Tokelau'),
('Cyprus'),
('Sweden'),
('Qatar'),
('Malaysia'),
('Austria'),
('Vietnam'),
('Mozambique'),
('Uganda'),
('Canary Islands'),
('British Virgin Islands'),
('Niger'),
('Isle of Man'),
('Brazil'),
('Turks And Caicos Islands'),
('Falkland Islands'),
('Faroe Islands'),
('Guinea'),
('Panama'),
('Costa Rica'),
('Luxembourg'),
('American Samoa'),
('Bahamas'),
('Gibraltar'),
('Ireland'),
('Pakistan'),
('Palau'),
('Nigeria'),
('Ecuador'),
('Czech Republic'),
('US Virgin Islands'),
('Brunei'),
('Belarus'),
('Iran'),
('Algeria'),
('Svalbard'),
('El Salvador'),
('Tuvalu'),
('Zaire'),
('Pitcairn Islands'),
('Saint Pierre and Miquelon'),
('Marshall Islands'),
('Chile'),
('Puerto Rico'),
('Belgium'),
('Kiribati'),
('Haiti'),
('Belize'),
('Hong Kong'),
('Sierra Leone'),
('Georgia'),
('Gambia'),
('Philippines'),
('Sao Tome And Principe'),
('Moldova'),
('Holy See (Vatican City)'),
('Croatia'),
('Micronesia'),
('Guernsey'),
('Thailand'),
('Namibia'),
('Grenada'),
('Iraq'),
('Portugal'),
('Estonia'),
('Uruguay'),
('Equatorial Guinea'),
('Lebanon'),
('Uzbekistan'),
('Tunisia'),
('Djibouti'),
('Rwanda'),
('Timor-Leste'),
('Spain'),
('Colombia'),
('Reunion'),
('Burundi'),
('Taiwan'),
('Fiji'),
('Barbados'),
('Madagascar'),
('Italy'),
('Bhutan'),
('Sudan'),
('Nepal'),
('Malta'),
('Democratic Republic of the Congo'),
('Netherlands'),
('Northern Mariana Islands'),
('Suriname'),
('Anguilla'),
('Venezuela'),
('Netherlands Antilles'),
('Aland Islands'),
('Israel'),
('Indonesia'),
('Iceland'),
('Zambia'),
('Senegal'),
('Papua New Guinea'),
('Zimbabwe'),
('Germany'),
('Vanuatu'),
('Denmark'),
('Saint-Martin'),
('Kazakhstan'),
('Poland'),
('Eritrea'),
('Kyrgyzstan'),
('Palestinian Territory'),
('British Indian Ocean Territory'),
('Montserrat'),
('Mexico'),
('Macedonia'),
('North Korea'),
('Sri Lanka'),
('Latvia'),
('Guyana'),
('Syria'),
('Guadeloupe'),
('Morocco'),
('Honduras'),
('Bouvet Island'),
('Egypt'),
('Nicaragua'),
('Singapore'),
('Serbia'),
('Botswana'),
('United Kingdom'),
('Trinidad And Tobago'),
('Antarctica'),
('Christmas Island'),
('Greece'),
('Paraguay'),
('French Guiana'),
('Comoros'),
('US Minor Outlying Islands');

insert into amazon_baby.valid_item_display_length_unit_of_measure values
('FT'),
('CM'),
('MM'),
('M'),
('IN');

insert into amazon_baby.valid_base_width_unit_of_measure values
('FT'),
('CM'),
('MM'),
('M'),
('IN');

insert into amazon_baby.valid_import_designation values
('Made in USA'),
('Made in USA or Imported'),
('Imported'),
('Made in USA and Imported');

insert into amazon_baby.valid_special_features values
('chronograph'),
('calculator'),
('Lap-timer'),
('luminous'),
('dual-Time-display'),
('outdoor-computer'),
('bike-computer'),
('tachometer'),
('stop-watch'),
('back-up-battery'),
('world-time'),
('gps'),
('screw-down-crown'),
('slide-rule'),
('radio-controlled'),
('second-hand'),
('compass'),
('light'),
('timer'),
('shock-resistant'),
('heart-rate-monitor'),
('depth-measurement');

insert into amazon_baby.valid_variation_theme values
('Color'),
('SizeName-ColorName'),
('SizeName');

insert into amazon_baby.valid_minimum_height_recommendation_unit_of_measure values
('FT'),
('CM'),
('MM'),
('M'),
('IN');

insert into amazon_baby.valid_size_map values
('12-18 Months'),
('XXXX-Small'),
('6-9 Months'),
('XXXX-Large'),
('X-Small'),
('18-24 Months'),
('Medium'),
('X-Large'),
('XX-Large'),
('XXXXX-Small'),
('Preemie'),
('2T'),
('XXX-Small'),
('XXXXX-Large'),
('Large'),
('0-3 Months'),
('3-6 Months'),
('XXX-Large'),
('Small'),
('XX-Small'),
('9-12 Months'),
('One Size');

insert into amazon_baby.valid_mfg_maximum_unit_of_measure values
('Months'),
('Years');

insert into amazon_baby.valid_item_display_volume_unit_of_measure values
('gallon'),
('fluid-oz'),
('liter'),
('milliliter');

insert into amazon_baby.valid_maximum_range_indoors_unit_of_measure values
('FT'),
('CM'),
('MM'),
('M'),
('IN');

insert into amazon_baby.valid_carrier_weight_unit_of_measure values
('LB'),
('KG'),
('GR'),
('OZ');

insert into amazon_baby.valid_operation_mode values
('light'),
('manual'),
('voice'),
('automatic'),
('movement');

insert into amazon_baby.valid_rail_type values
('Toddler Bed Rails'),
('Full Size Bed Rails'),
('Teething Rails');

insert into amazon_baby.valid_control_type values
('Extra Firm'),
('Firm'),
('Medium'),
('Light'),
('Maximum'),
('Moderate');

insert into amazon_baby.valid_compatible_devices values
('helmet'),
('eyewear');

insert into amazon_baby.valid_maximum_range_open_space_unit_of_measure values
('FT'),
('CM'),
('MM'),
('M'),
('IN');

insert into amazon_baby.valid_relationship_type values
('Variation'),
('Accessory');

insert into amazon_baby.valid_bottle_type values
('Natural Flow'),
('Anti-Colic'),
('Disposable'),
('Drop-In'),
('Right Angle'),
('Wide Mouth'),
('Vented');

insert into amazon_baby.valid_seat_interior_width_unit_of_measure values
('FT'),
('CM'),
('MM'),
('M'),
('IN');

insert into amazon_baby.valid_furniture_finish values
('Natural'),
('Cherry'),
('Espresso'),
('Black'),
('Multi-Colored'),
('Other Color'),
('White');

insert into amazon_baby.valid_seat_back_interior_height_unit_of_measure values
('FT'),
('CM'),
('MM'),
('M'),
('IN');

insert into amazon_baby.valid_is_portable values
('True'),
('False');

insert into amazon_baby.valid_product_tax_code values
('A_GEN_NOTAX');

insert into amazon_baby.valid_tire_material values
('Master-only dropdown item 2'),
('Master-only dropdown item 3'),
('Master-only dropdown item 1');

insert into amazon_baby.valid_minimum_weight_recommendation_unit_of_measure values
('LB'),
('KG'),
('GR'),
('OZ');

insert into amazon_baby.valid_maximum_height_recommendation_unit_of_measure values
('FT'),
('CM'),
('MM'),
('M'),
('IN');

insert into amazon_baby.valid_harness_type values
('3 pt'),
('No harness'),
('5 pt');

insert into amazon_baby.valid_item_weight_unit_of_measure values
('LB'),
('KG'),
('GR'),
('OZ');

insert into amazon_baby.valid_seat_height_unit_of_measure values
('FT'),
('CM'),
('MM'),
('M'),
('IN');

insert into amazon_baby.valid_maximum_weight_recommendation_unit_of_measure values
('LB'),
('KG'),
('GR'),
('OZ');

insert into amazon_baby.valid_battery_average_life_unit_of_measure values
('months'),
('days'),
('years'),
('hours'),
('weeks'),
('minutes');

insert into amazon_baby.valid_tire_diameter_unit_of_measure values
('FT'),
('CM'),
('MM'),
('M'),
('IN');

insert into amazon_baby.valid_lifestyle values
('City'),
('Walking'),
('Shopping'),
('Travel'),
('Terrain'),
('Space-Saving');

insert into amazon_baby.valid_item_length_unit_of_measure values
('FT'),
('CM'),
('MM'),
('M'),
('IN');

insert into amazon_baby.valid_range values
('Alto'),
('Baritone'),
('Bass'),
('Mezzo Soprano'),
('Soprano'),
('Tenor');

insert into amazon_baby.valid_assembly_time_unit_of_measure values
('months'),
('days'),
('years'),
('hours'),
('weeks'),
('minutes');

insert into amazon_baby.valid_alert_type values
('Movement Ticks'),
('Out of Range'),
('Low Battery'),
('Movement Indicator Lights'),
('LED Soundlights');

insert into amazon_baby.valid_cpsia_cautionary_statement values
('no_warning_applicable'),
('choking_hazard_contains_a_marble'),
('contains_small_magnets'),
('choking_hazard_is_a_marble'),
('choking_hazard_balloon'),
('choking_hazard_small_parts'),
('choking_hazard_contains_small_ball'),
('choking_hazard_is_a_small_ball');

insert into amazon_baby.valid_country_of_origin values
('Canada'),
('Guinea-Bissau'),
('Saint Helena'),
('Unknown'),
('Lithuania'),
('Cambodia'),
('Switzerland'),
('Ethiopia'),
('Aruba'),
('Swaziland'),
('Argentina'),
('Bolivia'),
('Cameroon'),
('Burkina Faso'),
('Turkmenistan'),
('Ghana'),
('Saudi Arabia'),
('Togo'),
('Japan'),
('Cape Verde'),
('Cocos (Keeling) Islands'),
('Slovenia'),
('Guatemala'),
('Bosnia and Herzegovina'),
('Kuwait'),
('Burma (Myanmar)'),
('Jordan'),
('Dominica'),
('Liberia'),
('Maldives'),
('Jamaica'),
('Oman'),
('Tanzania'),
('Martinique'),
('Saint Kitts And Nevis'),
('Ivory Coast'),
('Albania'),
('Gabon'),
('Niue'),
('Monaco'),
('Wallis and Futuna'),
('New Zealand'),
('Yemen'),
('Jersey'),
('Andorra'),
('Greenland'),
('Samoa'),
('Macau'),
('S. Georgia and S. Sandwich Isls.'),
('Norfolk Island'),
('United Arab Emirates'),
('Guam'),
('India'),
('Azerbaijan'),
('Lesotho'),
('Saint Vincent And The Grenadines'),
('Kenya'),
('South Korea'),
('Tajikistan'),
('Turkey'),
('Afghanistan'),
('Bangladesh'),
('Mauritania'),
('Solomon Islands'),
('Saint Lucia'),
('Hungary'),
('San Marino'),
('French Polynesia'),
('France'),
('Bermuda'),
('Slovakia'),
('Somalia'),
('Peru'),
('Laos'),
('Nauru'),
('Seychelles'),
('Norway'),
('Malawi'),
('Cook Islands'),
('Benin'),
('Western Sahara'),
('Cuba'),
('Republic of the Congo'),
('Mayotte'),
('China'),
('Armenia'),
('Dominican Republic'),
('Mongolia'),
('Ukraine'),
('Bahrain'),
('Tonga'),
('Finland'),
('Libya'),
('New Caledonia'),
('Cayman Islands'),
('Central African Republic'),
('Heard and McDonald Islands'),
('Mauritius'),
('Liechtenstein'),
('Australia'),
('Antigua And Barbuda'),
('Mali'),
('Russia'),
('Bulgaria'),
('United States'),
('Romania'),
('Angola'),
('French Southern Territories'),
('Chad'),
('South Africa'),
('Tokelau'),
('Cyprus'),
('Sweden'),
('Qatar'),
('Malaysia'),
('Austria'),
('Vietnam'),
('Mozambique'),
('Uganda'),
('Canary Islands'),
('British Virgin Islands'),
('Niger'),
('Isle of Man'),
('Brazil'),
('Turks And Caicos Islands'),
('Falkland Islands'),
('Faroe Islands'),
('Guinea'),
('Panama'),
('Costa Rica'),
('Luxembourg'),
('American Samoa'),
('Bahamas'),
('Gibraltar'),
('Ireland'),
('Pakistan'),
('Palau'),
('Nigeria'),
('Ecuador'),
('Czech Republic'),
('US Virgin Islands'),
('Brunei'),
('Belarus'),
('Iran'),
('Algeria'),
('Svalbard'),
('El Salvador'),
('Tuvalu'),
('Zaire'),
('Pitcairn Islands'),
('Saint Pierre and Miquelon'),
('Marshall Islands'),
('Chile'),
('Puerto Rico'),
('Belgium'),
('Kiribati'),
('Haiti'),
('Belize'),
('Hong Kong'),
('Sierra Leone'),
('Georgia'),
('Gambia'),
('Philippines'),
('Sao Tome And Principe'),
('Moldova'),
('Holy See (Vatican City)'),
('Croatia'),
('Micronesia'),
('Guernsey'),
('Thailand'),
('Namibia'),
('Grenada'),
('Iraq'),
('Portugal'),
('Estonia'),
('Uruguay'),
('Equatorial Guinea'),
('Lebanon'),
('Uzbekistan'),
('Tunisia'),
('Djibouti'),
('Rwanda'),
('Timor-Leste'),
('Spain'),
('Colombia'),
('Reunion'),
('Burundi'),
('Taiwan'),
('Fiji'),
('Barbados'),
('Madagascar'),
('Italy'),
('Bhutan'),
('Sudan'),
('Nepal'),
('Malta'),
('Democratic Republic of the Congo'),
('Netherlands'),
('Northern Mariana Islands'),
('Suriname'),
('Anguilla'),
('Venezuela'),
('Netherlands Antilles'),
('Aland Islands'),
('Israel'),
('Indonesia'),
('Iceland'),
('Zambia'),
('Senegal'),
('Papua New Guinea'),
('Zimbabwe'),
('Germany'),
('Vanuatu'),
('Denmark'),
('Saint-Martin'),
('Kazakhstan'),
('Poland'),
('Eritrea'),
('Kyrgyzstan'),
('Palestinian Territory'),
('British Indian Ocean Territory'),
('Montserrat'),
('Mexico'),
('Macedonia'),
('North Korea'),
('Sri Lanka'),
('Latvia'),
('Guyana'),
('Syria'),
('Guadeloupe'),
('Morocco'),
('Honduras'),
('Bouvet Island'),
('Egypt'),
('Nicaragua'),
('Singapore'),
('Serbia'),
('Botswana'),
('United Kingdom'),
('Trinidad And Tobago'),
('Antarctica'),
('Christmas Island'),
('Greece'),
('Paraguay'),
('French Guiana'),
('Comoros'),
('US Minor Outlying Islands');

insert into amazon_baby.valid_tray_type values
('Child Tray'),
('Parent Cup Holder'),
('Child Cup Holder'),
('Travel'),
('Key Holder'),
('Parent Console');

insert into amazon_baby.valid_base_depth_unit_of_measure values
('FT'),
('CM'),
('MM'),
('M'),
('IN');

insert into amazon_baby.valid_total_travel_unit_of_measure values
('FT'),
('CM'),
('MM'),
('M'),
('IN');

insert into amazon_baby.valid_portable_display_size_unit_of_measure values
('FT'),
('CM'),
('MM'),
('M'),
('IN');

insert into amazon_baby.valid_color_map values
('Blue'),
('Brown'),
('Ivory'),
('Gold'),
('gray'),
('Purple'),
('Clear'),
('Multi'),
('Grey'),
('Yellow'),
('multicolored'),
('Black'),
('Beige'),
('Pink'),
('Orange'),
('Green'),
('White'),
('Silver'),
('Red');

insert into amazon_baby.valid_shoulder_harness_maximum_height_unit_of_measure values
('FT'),
('CM'),
('MM'),
('M'),
('IN');

insert into amazon_baby.valid_care_instructions values
('Hand Washable'),
('Dishwasher Safe'),
('Fragile'),
('Keep away from Children'),
('Keep Indoors'),
('Keep in a Dry Place'),
('Machine Washable'),
('Do not Wash'),
('Lubricate Regularly'),
('Dry Clean Only'),
('Clean after Use');

insert into amazon_baby.valid_are_batteries_included values
('True'),
('False');

insert into amazon_baby.valid_maximum_item_width_unit_of_measure values
('FT'),
('CM'),
('MM'),
('M'),
('IN');

insert into amazon_baby.valid_bottle_nipple_type values
('Preemie Nipple'),
('Y-Cut Nipple'),
('Orthodontic Nipple'),
('Traditional Silicone Nipple'),
('Traditional Latex Nipple');

insert into amazon_baby.valid_hardware_visibility values
('Visible'),
('Hidden'),
('Partly Hidden');

insert into amazon_baby.valid_prop_65 values
('True'),
('False');

insert into amazon_baby.valid_fulfillment_center_id values
('DEFAULT'),
('AMAZON_NA');

insert into amazon_baby.valid_handle_height_unit_of_measure values
('FT'),
('CM'),
('MM'),
('M'),
('IN');

insert into amazon_baby.valid_orientation values
('passengers_side'),
('drivers_side');

insert into amazon_baby.valid_material_type values
('Synthetic'),
('Velvet'),
('Elastic'),
('Polyester'),
('Plastic'),
('Rayon made from Bamboo'),
('Wood'),
('Acetate'),
('Tulle'),
('Acrylic'),
('Wool'),
('Plush'),
('Cord'),
('Lacquer'),
('Sequinned'),
('Felt'),
('Lamb skin'),
('PVC'),
('Silk'),
('Natural rubber'),
('Velour'),
('Fleece'),
('Polyether thane'),
('Leather'),
('Engineered Wood'),
('Metal'),
('Linen'),
('Suede'),
('Cashmere'),
('Micro fleece'),
('Bamboo'),
('Nylon'),
('Jersey'),
('Jacquard'),
('Lace'),
('Chiffon'),
('Denim'),
('Lycra'),
('Merino'),
('Organza'),
('Satin'),
('Cotton');

insert into amazon_baby.valid_currency values
('USD');

insert into amazon_baby.valid_rear_facing_maximum_weight_unit_of_measure values
('LB'),
('KG'),
('GR'),
('OZ');

insert into amazon_baby.valid_batteries_required values
('True'),
('False');

insert into amazon_baby.valid_external_product_id_type values
('GCID'),
('GTIN'),
('UPC'),
('EAN');

insert into amazon_baby.valid_target_gender values
('unisex'),
('male'),
('female');

insert into amazon_baby.valid_is_dishwasher_safe values
('True'),
('False');

insert into amazon_baby.valid_educational_objective values
('Numeracy & Literacy'),
('Numeracy'),
('Literacy & Spacial Awareness'),
('Numeracy & Spacial Awareness'),
('Numeracy, Literacy & Spacial Awareness'),
('Spacial Awareness'),
('Literacy');

insert into amazon_baby.valid_update_delete values
('Update'),
('PartialUpdate'),
('Delete');

insert into amazon_baby.valid_feed_product_type values
('BabyProducts');

insert into amazon_baby.valid_display_type values
('analog-digital'),
('analog'),
('digital');

insert into amazon_baby.valid_offering_can_be_gift_messaged values
('True'),
('False');

insert into amazon_baby.valid_suspension_type values
('Linear Pull'),
('Fixed Wheel'),
('Cantilever'),
('Coaster Brake'),
('seat-post-suspension'),
('Front Disc Brake'),
('dual-suspension'),
('Dual Disc Brake'),
('no-suspension'),
('front-suspension');

insert into amazon_baby.valid_is_discontinued_by_manufacturer values
('True'),
('False');

insert into amazon_baby.valid_wheel_type values
('Lockable & removable'),
('Lockable'),
('Removable');

insert into amazon_baby.valid_offering_can_be_giftwrapped values
('True'),
('False');

insert into amazon_baby.valid_power_source_type values
('hydraulic-powered'),
('gas-powered'),
('battery-powered'),
('corded-electric'),
('air-powered');

insert into amazon_baby.valid_installation_type values
('Seat With Base'),
('LATCH'),
('Seat Without Base');

insert into amazon_baby.valid_missing_keyset_reason values
('NonConsumer'),
('Specialized'),
('PrivateLabel'),
('PreConfigured');

insert into amazon_baby.valid_rear_facing_minimum_weight_unit_of_measure values
('LB'),
('KG'),
('GR'),
('OZ');

insert into amazon_baby.valid_package_weight_unit_of_measure values
('LB'),
('KG'),
('GR'),
('OZ');

insert into amazon_baby.valid_is_assembly_required values
('True'),
('False');

