insert into amazon_computers.valid_cooler_heatsink_material values
('Aluminum/Copper'),
('Other'),
('Aluminum'),
('Copper');

insert into amazon_computers.valid_tuner_technology values
('Satellite'),
('Internet Radio'),
('AM'),
('AM/FM'),
('HD Radio'),
('Digital'),
('FM'),
('Analog');

insert into amazon_computers.valid_noise_level_unit_of_measure values
('dBA');

insert into amazon_computers.valid_effective_still_resolution_unit_of_measure values
('megapixels'),
('lpi');

insert into amazon_computers.valid_sensor_technology values
('Blue Track'),
('Laser'),
('Optical'),
('Trackball'),
('Touch');

insert into amazon_computers.valid_relationship_type values
('Accessory');

insert into amazon_computers.valid_window_location values
('Front'),
('Side'),
('Rear');

insert into amazon_computers.valid_website_shipping_weight_unit_of_measure values
('LB'),
('KG'),
('GR'),
('OZ');

insert into amazon_computers.valid_maximum_input_resolution_unit_of_measure values
('megapixels'),
('lpi');

insert into amazon_computers.valid_communication_standard values
('FTP'),
('HTTP'),
('TCP/IP'),
('NTP'),
('RTSP'),
('SMTP'),
('DDNS'),
('DNS'),
('DHCP'),
('UPnP'),
('RTP');

insert into amazon_computers.valid_gps_navigation values
('Matching GPS Stamps to Geotags'),
('Location Capture'),
('GPS Enabled'),
('Geotagging');

insert into amazon_computers.valid_data_transfer_rate_units values
('gbps'),
('mbps'),
('KB/s');

insert into amazon_computers.valid_processor_socket values
('SocketAM2'),
('Socket 7'),
('SocketAM2+'),
('SocketP'),
('Socket 940'),
('LGA 1156'),
('Socket AM3'),
('Socket AM2'),
('LGA1248'),
('Socket6'),
('SocketT'),
('Socket939'),
('LGA1567'),
('Socket604'),
('LGA1366'),
('DIP'),
('Socket603'),
('PAC611'),
('SocketH'),
('Socket441'),
('LGA 771'),
('SocketR'),
('SocketNexGen'),
('LGA 775'),
('SocketJ'),
('Socket AM2+'),
('Socket370'),
('Socket423'),
('Socket8'),
('SocketS1'),
('Slot1'),
('LGA771'),
('Socket4'),
('Slot2'),
('Socket 478'),
('LGA775'),
('Socket1'),
('SocketN'),
('Socket563'),
('LGA 1366'),
('SocketAM3'),
('Socket 775'),
('LGA2011'),
('SlotA'),
('PAC418'),
('SlotB'),
('SocketB'),
('Socket 754'),
('SocketA'),
('LGA1156'),
('Socket462'),
('LGA1155'),
('Socket940'),
('Socket495'),
('Socket463'),
('Socket499'),
('SocketC32'),
('SocketM'),
('Socket754'),
('PLCC'),
('Socket5'),
('SuperSocket7'),
('Socket2'),
('Socket 939'),
('Socket3'),
('Socket479'),
('Socket478'),
('Socket A'),
('SocketF'),
('Socket F'),
('SocketG34'),
('Socket 370'),
('Socket 604'),
('Socket7');

insert into amazon_computers.valid_read_speed_unit_of_measure values
('gbps'),
('mbps'),
('KB/s');

insert into amazon_computers.valid_raid_level values
('RAID 6'),
('RAID 4'),
('RAID 5'),
('RAID 2'),
('RAID 3'),
('RAID 0'),
('RAID 1');

insert into amazon_computers.valid_battery_type values
('battery_type_d'),
('battery_type_a'),
('battery_type_c'),
('battery_type_lithium_ion'),
('battery_type_aaa'),
('battery_type_lithium_metal'),
('battery_type_9v'),
('battery_type_aa'),
('battery_type_12v'),
('battery_type_product_specific'),
('battery_type_p76'),
('battery_type_cr123a'),
('battery_type_aaaa'),
('battery_type_cr5'),
('battery_type_cr2');

insert into amazon_computers.valid_laser_color values
('Green'),
('Red');

insert into amazon_computers.valid_condition_type values
('UsedGood'),
('UsedLikeNew'),
('UsedVeryGood'),
('Refurbished'),
('New'),
('UsedAcceptable');

insert into amazon_computers.valid_gtin_exemption_reason values
('ReplacementPart'),
('CustomProductBundle');

insert into amazon_computers.valid_format values
('3480_tape_cartridge'),
('6250_magstar_tape'),
('minidisc'),
('cd'),
('smart_media'),
('compact_flash'),
('digital_8'),
('diskette525'),
('minidv'),
('dlt'),
('dvd_rom'),
('4_mm_tape'),
('memory_stick'),
('xd_card'),
('diskette35'),
('dat_tape'),
('dvd_ram'),
('dvd_video'),
('electronic_software_download'),
('vhs'),
('blu_ray'),
('hi_8');

insert into amazon_computers.valid_effective_video_comm_resolution_unit_of_measure values
('megapixels'),
('lpi');

insert into amazon_computers.valid_special_features values
('noise-canceling');

insert into amazon_computers.valid_lan_port_bandwidth values
('10/100/1000 (Gigabit)'),
('10/100 Fast Ethernet'),
('10/100 (Fast Ethernet)'),
('10/100/1000 Gigabit');

insert into amazon_computers.valid_ram_memory_maximum_size_unit_of_measure values
('KB'),
('TB'),
('GB'),
('MB');

insert into amazon_computers.valid_maximum_upstream_data_transfer_rate_unit_of_measure values
('gbps'),
('mbps'),
('KB/s');

insert into amazon_computers.valid_effective_video_resolution_unit_of_measure values
('megapixels'),
('lpi');

insert into amazon_computers.valid_computer_cpu_manufacturer values
('Motorola'),
('IBM'),
('Intel'),
('AMD'),
('Qualcomm'),
('VIA'),
('Transmeta'),
('NVIDIA'),
('ARM'),
('Apple');

insert into amazon_computers.valid_has_auto_focus values
('True'),
('False');

insert into amazon_computers.valid_operating_system values
('Windows NT'),
('CPM'),
('Sun Solaris'),
('Windows Server Enterprise Edition 2003'),
('Microsoft Windows Mobile 2003'),
('unix'),
('Mac OSX 10.3 Panther'),
('linux'),
('Mac OS 9.X'),
('DOS'),
('Android'),
('Symbian'),
('Windows 95'),
('Windows Phone 7'),
('Windows 98'),
('Mac OS X'),
('Windows Server 2003'),
('Windows XP Home Edition'),
('Mac OS X 10.4 Tiger'),
('Windows ME'),
('Windows 98Se'),
('Windows 8 Pro'),
('Windows Server Data Center Edition 2003'),
('None'),
('Windows XP Professional Edition'),
('Windows Vista'),
('LindowsOS'),
('All Windows Server Versions 2000'),
('Palm OS'),
('OS2'),
('iOS'),
('Windows Server Web Edition 2003'),
('Windows XP Media Center Edition'),
('Windows 8'),
('Microsoft Pocket PC 2002'),
('Windows XP Media Center 2004 Edition'),
('Windows KT'),
('Mac OS X 10.3 Panther'),
('Windows 7 Ultimate'),
('Windows 3x and below'),
('BeOS'),
('Windows XP Professional Tablet PC Edition'),
('Chrome OS'),
('Windows 2000'),
('Windows 7 Home Premium'),
('Tapwave Zodiac'),
('Microsoft Windows Mobile 5'),
('Windows Advanced Server 2003'),
('Unix'),
('Windows 7 Professional'),
('Mac OS X 10.2 Jaguar'),
('Linux'),
('Windows Small Business server 2003'),
('Pre Mac OS 9'),
('Windows Mobile 6.5'),
('Sun Java Desktop System');

insert into amazon_computers.valid_write_speed_unit_of_measure values
('gbps'),
('mbps'),
('KB/s');

insert into amazon_computers.valid_connectivity_technology values
('Powerline'),
('Ethernet'),
('Wireless'),
('Wired');

insert into amazon_computers.valid_connector_type values
('HTC-ExtUSB'),
('DVI'),
('Serial Port'),
('HDMI'),
('WiFi'),
('VGA'),
('Bluetooth'),
('USB-Micro-A'),
('USB-Micro-B'),
('USB-Mini-B'),
('USB-A'),
('Parrellel Port'),
('Ethernet'),
('USB-B'),
('Thunderbolt'),
('USB');

insert into amazon_computers.valid_package_length_unit_of_measure values
('FT'),
('CM'),
('MM'),
('M'),
('IN');

insert into amazon_computers.valid_human_interface_input values
('Touch Screen Stylus Pen'),
('Dial'),
('Trackpoint Pointing Device'),
('Keypad'),
('keypad_pinyin'),
('Touch Screen'),
('Microphone'),
('Buttons'),
('Keyboard'),
('Keypad Stroke'),
('Handwriting Recognition');

insert into amazon_computers.valid_maximum_operating_distance_unit_of_measure values
('FT'),
('CM'),
('MM'),
('M'),
('IN');

insert into amazon_computers.valid_trigger_voltage_unit_of_measure values
('Volts');

insert into amazon_computers.valid_display_technology values
('Plasma'),
('LCD'),
('LED'),
('CRT');

insert into amazon_computers.valid_compatible_devices values
('Projector'),
('Tablet'),
('Laptop'),
('Other'),
('Hard Drive'),
('Netbook');

insert into amazon_computers.valid_chipset_northbridge_description values
('Intel Q45'),
('Intel B43'),
('Intel Q43'),
('Intel P45'),
('Intel P43'),
('VIA P4M900'),
('Intel X48'),
('VIA 8601T'),
('NVIDIA nForce 750i SLI'),
('Intel G43'),
('Intel G41'),
('Intel G45'),
('VIA PT880 PRO'),
('NVIDIA GeForce 9300'),
('Intel Q57'),
('Intel P55'),
('Intel 945GC'),
('Intel H57'),
('Intel H55'),
('Intel Q35'),
('Intel X58'),
('Intel G33'),
('NVIDIA nForce 790i SLI'),
('Intel G31'),
('Intel GM45'),
('NVIDIA GeForce 9400'),
('NVIDIA GeForce 7050');

insert into amazon_computers.valid_cache_memory_per_processor_unit_of_measure values
('KB'),
('TB'),
('GB'),
('MB');

insert into amazon_computers.valid_shielding_type values
('Video Shielded');

insert into amazon_computers.valid_photo_sensor_technology values
('CCD'),
('CMOS');

insert into amazon_computers.valid_light_source_operating_life_unit_of_measure values
('Hours');

insert into amazon_computers.valid_nominal_voltage_unit_of_measure values
('Volts');

insert into amazon_computers.valid_gpu_clock_speed_unit_of_measure values
('MHz'),
('GHz');

insert into amazon_computers.valid_computer_memory_size_unit_of_measure values
('KB'),
('TB'),
('GB'),
('MB');

insert into amazon_computers.valid_zoom_type values
('Motorized'),
('Vari-focal'),
('Fixed'),
('Manual');

insert into amazon_computers.valid_system_bus_connector_type values
('4 x 6-Pin'),
('3 x 6-Pin, 3 x 6+2-Pin'),
('4 x 6-Pin, 2 x 6+2-Pin'),
('3 x 6+2-Pin'),
('None'),
('2 x 6+2-Pin'),
('2 x 6-Pin, 2 x 8-Pin'),
('2 x 6-Pin, 2 x 6+2-Pin'),
('2 x 6-Pin, 1 x 8-Pin'),
('6 x 6+2-Pin'),
('1 x 6-Pin, 1 x 6+2-Pin'),
('3 x 6-Pin, 3 x 8-Pin'),
('1 x 6-Pin'),
('4 x 6-Pin, 4 x 6+2-Pin'),
('2 x 6-Pin, 1 x 6+2-Pin'),
('3 x 6-Pin, 2 x 6+2-Pin'),
('6 x 6-Pin, 2 x 8-Pin'),
('4 x 8-Pin'),
('2 x 6-Pin'),
('4 x 6-Pin, 1 x 8-Pin'),
('4 x 6-Pin, 2 x 8-Pin'),
('1 x 6+2-Pin'),
('4 x 6-Pin, 3 x 8-Pin'),
('4 x 6+2-Pin'),
('3 x 6-Pin');

insert into amazon_computers.valid_item_display_diameter_unit_of_measure values
('FT'),
('CM'),
('MM'),
('M'),
('IN');

insert into amazon_computers.valid_supported_motherboard values
('Extended-ATX'),
('XL-ATX'),
('BTX'),
('Micro-ATX'),
('Mini-ITX'),
('ATX');

insert into amazon_computers.valid_ram_memory_technology values
('MicroDIMM DDR'),
('SDRAM'),
('SDRAM MicroDIMM'),
('SDRAM DDR'),
('DIMM DDR'),
('DIMM'),
('SO-DIMM'),
('SIPP'),
('SIMM'),
('SO-DIMM DDR'),
('SO-DIMM DDR3'),
('SO-RIMM'),
('MicroDIMM DDR2'),
('SO-DIMM DDR2'),
('RDRAM RIMM'),
('SDRAM DDR3'),
('SDRAM DDR2');

insert into amazon_computers.valid_additional_drives values
('thumb_drive'),
('floppy'),
('dvd'),
('dvd_ram'),
('dvd_plus_rw'),
('dvd_r'),
('blu_ray'),
('ide_tape_drive'),
('dvd_plus_minus_rw'),
('cd_rw'),
('dvd_rom'),
('dvd_cd_rw');

insert into amazon_computers.valid_image_brightness_unit_of_measure values
('lumens');

insert into amazon_computers.valid_cooling_method values
('Air cooled'),
('Water'),
('Thermal'),
('Fan'),
('Water cooled');

insert into amazon_computers.valid_product_tax_code values
('A_GEN_NOTAX'),
('G_GEN_NOTAX');

insert into amazon_computers.valid_computer_cpu_type values
('Core 2 Quad Q8200'),
('r5000'),
('Turion Neo X2 Dual-Core L625'),
('geode_gx1'),
('Atom 330'),
('80486'),
('mc68vz328'),
('Phenom II X3 Triple-Core P840'),
('Atom 230'),
('Core 2 Duo T5470'),
('Core 2 Duo T5800'),
('Core 2 Duo E4300'),
('athlon_64_fx'),
('Athlon II X2 Dual-Core P360'),
('powerpc_403_gcx'),
('r3900'),
('Core i7-920'),
('pentium_3'),
('Core i5-2300'),
('Athlon 2850e'),
('Core 2 Duo T5870'),
('68030'),
('Atom D410'),
('intel_core_2_extreme'),
('Phenom II X4 Quad-Core 9600'),
('Sempron'),
('crusoe_5800'),
('Phenom II X3 Triple-Core P820'),
('Pentium P6100'),
('80486slc'),
('g4'),
('g3'),
('Core i7 940'),
('mobile_pentium_4_ht'),
('ultrasparc_iv_plus'),
('Athlon Neo X2 Dual-Core L335'),
('Turion II X2 Dual-Core P520'),
('geode_gxm'),
('Phenom II X4 Quad Core 920'),
('Core 2 Duo T6570'),
('Athlon 64 X2 Dual Core L310'),
('Athlon II Single-Core 160u'),
('Core 2 Duo T7300'),
('Core 2 Duo T6400'),
('v30mx'),
('geode_gxlv'),
('Texas Instruments OMAP1510'),
('Core 2 Duo T9300'),
('amd_c_series'),
('68328'),
('Turion II X2 Dual Core M520'),
('Celeron 450'),
('pentium_m'),
('Pentium E6700'),
('Pentium 4'),
('Core Duo T2250'),
('omap1710'),
('alpha_ev7'),
('Core 2 Duo T7270'),
('mediagxi'),
('powerpc_rs64'),
('microsparc_ii'),
('mediagxm'),
('Core 2 Duo U7700'),
('Core 2 Duo T2310'),
('intel_core_2_duo_mobile'),
('Athlon II X4 Dual-Core 240e'),
('Athlon 64 3500'),
('Pentium M 778'),
('elansc400'),
('Core 2 Duo E8500'),
('Core 2 Quad Q9000'),
('Core 2 Duo T5250'),
('Celeron D Processor 440'),
('r3910'),
('Core 2 Duo P8800'),
('pentium_4_extreme_edition'),
('fx_series_quad_core_fx_b4150'),
('Celeron M 440'),
('Core i5-480M'),
('Pentium E7200'),
('opteron'),
('Pentium E2180'),
('Core i3-520M'),
('pa_8000'),
('Phenom II X2 Dual-Core N660'),
('pentium_2'),
('sa_1100'),
('ultrasparc_s400'),
('Celeron D Processor 360'),
('Pentium U5400'),
('Core 2 Quad Q9400S'),
('Athlon 2650e'),
('handheld_engine_cxd2230ga_temp'),
('Core i5-760'),
('Core 2 Duo E7600'),
('Core 2 Duo E4600'),
('eden_esp_5000'),
('vr4131'),
('Athlon 64 X2 5400+'),
('Athlon II Dual-Core 240e'),
('Pentium M 738'),
('Core 2 Quad Q6700'),
('Turion X2 ZM-80'),
('Phenom II X4 Quad-Core 965'),
('Athlon X2 Dual-Core TK-57'),
('intel_core_2_duo'),
('pentium'),
('xscale_pxa270'),
('Core i3-330UM'),
('sa_110'),
('Pentium T4500'),
('Athlon X2 Dual-Core TK-53'),
('Phenom II X6 Six-Core 1090T'),
('Athlon X2 Dual-Core 5400+'),
('sa_1110'),
('winchip_2'),
('Core 2 Duo E7300'),
('Phenom II X4 Quad-Core 9150'),
('Core 2 Duo E4500'),
('Athlon 64 X2 6000+'),
('crusoe_tm5500'),
('Celeron M 560'),
('power4_plus'),
('Core 2 Duo P8700'),
('fx_series_six_core_fx_6120'),
('vr4122'),
('Pentium E8400'),
('r14000'),
('Athlon 64 Single-Core TF-20'),
('Phenom II X2 Dual-Core 550'),
('Turion 64 X2 TL-58'),
('Pentium T4400'),
('Turion 64 X2 TL-57'),
('Turion 64 X2 TL-50'),
('intel_xeon_mp'),
('athlon_mp'),
('Athlon II X3 Triple-Core 425'),
('Phenom II X4 Quad-Core P960'),
('intel_core_duo'),
('Core i7-950'),
('powerpc_601'),
('Atom D525'),
('Core 2 Quad Q9400'),
('powerpc_604'),
('powerpc_rs64_iii'),
('Core 2 Duo P9600'),
('intel_centrino_2'),
('Phenom II X3 Triple-Core 8450'),
('Pentium E2200'),
('pentium_mmx'),
('Core i7-875K'),
('Pentium T2390'),
('g5'),
('6x86'),
('mobile_athlon_xp_m'),
('Phenom II X4 Quad-Core 9100E'),
('Xeon W3503'),
('Core i3-550'),
('Core 2 Duo SL9400'),
('Phenom II X4 Quad-Core 9850'),
('vr4181'),
('powerpc_970'),
('ultrasparc_iiii'),
('Core i7-620M'),
('Turion II X2 Dual Core P560'),
('Athlon X2 Dual-Core QL-62'),
('Phenom II X4 Quad-Core 9350'),
('rm5231'),
('Turion 64 X2 ZM-72'),
('Pentium T3200'),
('Core i7-820QM'),
('Turion 64 X2 ZM-74'),
('core_i5'),
('core_i7'),
('core_i3'),
('Phenom II X4 Quad-Core N820'),
('Athlon X2 Dual-Core 5000'),
('Core 2 Quad Q9300'),
('80486dx2'),
('Xeon'),
('Phenom II X2 Dual-Core N620'),
('Sempron LE-1300'),
('Athlon II X4 Quad-Core 620'),
('Core 2 Quad Q9500'),
('Core Duo LV L2400'),
('arm710a'),
('efficeon'),
('Phenom II X4 Quad-Core 9450'),
('Athlon X2 Dual-Core 4200+'),
('Phenom II X4 Quad-Core P940'),
('Core i3-380UM'),
('efficeon_tm8000'),
('Pentium E7400'),
('Pentium E4400'),
('Athlon II X2 Dual-Core P320'),
('Sempron 140'),
('Xeon E5506'),
('Celeron M 530'),
('Xeon E5504'),
('arm_7100'),
('pa_8500'),
('Turion 64 X2 Dual-Core TL-52'),
('Core i7-720QM'),
('Turion 64 X2 Dual-Core TL-56'),
('Phenom II X4 Quad-Core 925'),
('intel_celeron_d'),
('powerpc_403'),
('Sempron 3600+'),
('itanium_2'),
('pa_8200'),
('Pentium E2140'),
('ultrasparc_iii_cu'),
('Core i7-2620QM'),
('efficion_8800'),
('Core i5-650'),
('Athlon 64 TF-36'),
('Core 2 Duo E6600'),
('Turion X2 Ultra Dual-Core ZM-85'),
('sparc_ii'),
('Sempron M100'),
('mobile_pentium_4'),
('Core 2 Solo SU3500'),
('Core 2 Duo L7500'),
('Athlon II Dual-Core 245'),
('ultrasparc_i'),
('mobile_pentium_2'),
('mobile_pentium_3'),
('Celeron E1200'),
('powerpc_604e'),
('Phenom II X6 Six-Core 1045T'),
('Celeron_T4500'),
('Pentium D 925'),
('itanium'),
('Celeron M 585'),
('r4310'),
('Phenom II X4 Quad-Core P920'),
('Core 2 Duo SP9400'),
('Core 2 Duo P3750'),
('68000'),
('extremecpu'),
('r3912'),
('Core 2 Duo E6400'),
('intel_pentium_4_ht'),
('Core 2 Duo P7370'),
('Phenom II X3 Triple-Core 8550'),
('Core i5-470UM'),
('Core 2 Duo T7700'),
('Phenom II X3 Triple-Core 8650'),
('Core i5-655K'),
('Celeron T1500'),
('Core 2 Duo U2200'),
('Core 2 Duo T9900'),
('r16000b'),
('geoden_x'),
('Core 2 Duo E8400'),
('Core 2 Duo P9500'),
('Athlon II X2 Dual-Core 235e'),
('Pentium T4300'),
('Unknown'),
('bulverde'),
('Core 2 Duo T6500'),
('Core 2 Quad Q9450'),
('cyrix_mii'),
('ultrasparc_iis'),
('Core i7-860'),
('ultrasparc_iii'),
('k6_2e'),
('Celeron 743'),
('Core 2 Quad Q8200S'),
('Athlon II X2 Dual-Core 240'),
('ultrasparc_iie'),
('Athlon II X2 Dual-Core 245'),
('Pentium P6000'),
('Celeron 925'),
('Core i3-350M'),
('Phenom II X3 Triple-Core B75'),
('powerpc'),
('mobile_sempron'),
('Core 2 Duo T7200'),
('alpha_21164'),
('Core 2 Quad Q8300'),
('Core 2 Duo T9400'),
('Phenom II X4 Quad-Core 9550'),
('Athlon Dual Core'),
('r16000'),
('Athlon II X4 Quad-Core 615e'),
('Pentium E5500'),
('Pentium T6570'),
('Phenom II X4 Quad-Core 9950'),
('Core 2 Duo T2390'),
('Athlon X2 Dual-Core QL-60'),
('Athlon X2 Dual-Core QL-66'),
('Athlon II Neo Single-Core K125'),
('Core Duo T2400'),
('Phenom II X3 Triple-Core P860'),
('Atom N470'),
('Atom N475'),
('Core 2 Duo T7100'),
('Phenom II X4 Quad-Core N950'),
('Core 2 Quad Q8400'),
('Core i7-640UM'),
('Core i5-540M'),
('Atom N270'),
('turion_64'),
('powerpc_603ev'),
('Phenom II X2 Dual-Core N650'),
('80486sx'),
('intel_xscale_pxa263'),
('Pentium T2370'),
('Turion II Ultra X2 Dual-Core M620'),
('Celeron D Processor 420'),
('Celeron E1500'),
('elansc300'),
('Core i5-750'),
('vr4121'),
('power5'),
('power4'),
('power3'),
('Core 2 Duo P8400'),
('intel_core_2_solo'),
('Phenom II X4 Quad-Core 955'),
('k6_2_plus'),
('mobile_athlon_4'),
('powerpc_403ga'),
('Core i7-2600'),
('Xeon E5530'),
('Core i3-530M'),
('Pentium T4200'),
('k6_mmx'),
('Pentium D T2060'),
('Phenom II X4 Quad-Core 810'),
('68040'),
('ultrasparc_iv'),
('Core i7-2630QM'),
('r4000'),
('fx_series_quad_core_fx_4100'),
('Athlon X2 Dual-Core 7550'),
('Athlon Neo Single-Core MV-40'),
('eden'),
('Core 2 Duo T6600'),
('nec_mips'),
('Celeron M 575'),
('pr31700'),
('tmpr3922au'),
('Core 2 Duo T5450'),
('Core 2 Quad 9600'),
('amd_a_series'),
('intel_atom_n280'),
('mediagx'),
('phenom_quad_core'),
('Pentium E5300'),
('Pentium E5301'),
('pentium_iii_s'),
('powerpc_rs64_ii'),
('Core 2 Duo E7400'),
('Core 2 Duo U1400'),
('Core 2 Duo E4400'),
('Core 2 Duo T5850'),
('Core 2 Duo E6420'),
('Celeron E3300'),
('Atom Z515'),
('k5'),
('sparc64v'),
('powerpc_rs64_iv'),
('ultrasparc_t1'),
('r4640'),
('Atom N550'),
('Core i3-540'),
('Turion 64 X2 TL-64 Gold'),
('6x86mx'),
('Core 2 Duo T5670'),
('Phenom II X3 Triple-Core N850'),
('Athlon 64 X2 4000+'),
('Pentium U5600'),
('Core i5-430UM'),
('ultrasparc_iii_plus'),
('Turion 64 X2 Dual-Core RM-72'),
('Turion 64 X2 Dual-Core RM-70'),
('Athlon II X4 Quad-Core 605e'),
('Turion 64 X2 TL-66'),
('mc68ez328'),
('Core 2 Duo U7500'),
('Core i7-740QM'),
('eden_esp'),
('Athlon II X2 Dual-Core 170u'),
('Xeon 3530'),
('Core 2 Duo SU9400'),
('Xeon 5400'),
('5x86'),
('Xeon X5560'),
('Athlon II Dual-Core M320'),
('intel_pentium_d'),
('celeron'),
('Athlon 64 4800+'),
('Core 2 Duo T7250'),
('Atom N330'),
('Core 2 Quad Q8400S'),
('r10000'),
('Core 2 Duo T2330'),
('Atom N230'),
('geode_gx'),
('Pentium T2330'),
('Core i7-960'),
('Core 2 Duo T5270'),
('microsparc_iiep'),
('Athlon 64 4200+'),
('arm710t'),
('powerpc_603'),
('Turion 64 X2 RM-74'),
('Phenom II X4 Quad-Core 910'),
('Athlon II X2 Dual-Core M340'),
('68882'),
('Phenom II X4 Quad-Core N930'),
('Athlon X2 Dual-Core 7750'),
('Core i5-520M'),
('Xeon W5580'),
('Core 2 Duo T8300'),
('Core i5-660'),
('V-Series Single-Core V105'),
('handheld_engine_cxd2230ga'),
('powerpc_750_g3'),
('Core 2 Duo SU 9600'),
('Core 2 Duo T5550'),
('Athlon II X4 Quad-Core 600E'),
('tx3922'),
('Athlon II X2 Dual-Core P340'),
('r4300'),
('r12000a'),
('athlon'),
('xscale_pxa901'),
('Turion II Neo X2 Dual-Core K625'),
('Athlon II Neo X2 Dual-Core K325'),
('fx_series_quad_core_fx_4170'),
('Core 2 Duo T6670'),
('mc68sz328'),
('Intel Mobile CPU'),
('E-Series Dual-Core E-350'),
('Athlon II X3 Triple-Core 400E'),
('fx_series_eight_core_fx_8120'),
('Pentium G6950'),
('Athlon II 170u'),
('V Series Single-Core V120'),
('r14000a'),
('Athlon 64 X2 QL-64 Dual Core'),
('Core 2 Duo T5300'),
('sparc'),
('omap850'),
('Athlon II Dual-Core P360'),
('mobile_athon_64'),
('intel_atom_n270'),
('Core i7-870'),
('Athlon II'),
('Athlon II X2 Dual-Core M520'),
('intel_xeon'),
('Sempron 3500+'),
('Athlon 64 X2 dual-core 4400'),
('fx_series_six_core_fx_6100'),
('Athlon II X2 Dual-Core 250'),
('ultrasparc_ii'),
('Athlon II X2 Dual-Core 255'),
('Pentium SU2700'),
('Core 2 Duo T5600'),
('Athlon 64 X2 4200+'),
('arm7500fe'),
('Core 2 Duo T7350'),
('Core 2 Duo E2200'),
('r5230'),
('Athlon 64 X2 5200+'),
('Athlon II Dual-Core 260u'),
('Core 2 Duo T9600'),
('Athlon II X2 Dual-Core 250U'),
('r12000'),
('Athlon 64 X2 5050'),
('Turion 64 X2 Mobile'),
('C-Series C-50'),
('Atom N280'),
('Athlon II X4 Quad-Core'),
('Sempron LE-1250'),
('Sempron M120'),
('E-Series Processor E-240'),
('v25'),
('Core 2 Duo E6300'),
('turbosparc'),
('Core 2 Duo T7500'),
('V-Series Single-Core V140'),
('Phenom II X2 Dual-Core N640'),
('pentium_dual_core'),
('Core 2 Duo T4200'),
('alpha_21364'),
('Turion II X2 Dual-Core M300'),
('Athlon X2 Dual-Core M300'),
('vr4111'),
('sh7709a'),
('intel_xscale_pxa250'),
('eden_esp_6000'),
('intel_xscale_pxa255'),
('h8s'),
('Pentium E5400'),
('none'),
('Athlon II Neo X2 Dual-Core K625'),
('pa_8700'),
('winchip_c6'),
('Core i7-680UM'),
('intel_core_solo'),
('Core 2 Quad Q9550'),
('Xeon E5520'),
('Phenom II X4 Quad-Core 820'),
('s3c2440'),
('s3c2442'),
('Pentium P6200'),
('Phenom II X4 Quad-Core 945'),
('Athlon II X2 Dual-Core M300'),
('Athlon 64 2650'),
('elansc310'),
('arm610'),
('powerpc_603e'),
('fx_series_eight_core_fx_8150'),
('Phenom II X4 Quad-Core 9500'),
('Phenom II X6 Six-Core 1055T'),
('Turion 64 X2 TK-58'),
('pentium_pro'),
('Celeron M 540'),
('Core 2 Duo P7550'),
('Turion 64 X2 TK-55'),
('Turion 64 X2 TK-57'),
('Pentium E5700'),
('Turion 64 X2 TK-53'),
('Athlon 64 X2 4800'),
('Core i3-540M'),
('Athlon II Dual-Core 260'),
('Athlon 64 X2 4450B'),
('intel_atom'),
('crusoe_tm3200'),
('Atom Z520'),
('Atom Silverthorne'),
('Core i3-370M'),
('Core 2 Duo E4000'),
('Core i7-930'),
('alpha_21264'),
('pa_7300lc'),
('Athlon II X2 Dual-Core 215'),
('Pentium E2220'),
('Pentium E6600'),
('Atom D425'),
('Phenom II X4 Quad-Core 9750'),
('Turion X2 ZM-82'),
('Turion X2 Ultra ZM-85'),
('Phenom II X4 Quad-Core 840T'),
('s3c2410'),
('xscale_pxa272'),
('power3_ii'),
('Core i3-530'),
('Core 2 Duo T8700'),
('Athlon II X2 B24'),
('80c88'),
('Athlon 64 X2 5000+'),
('intel_core_2_quad'),
('Pentium E5200'),
('Phenom II X3 Triple-Core 8400'),
('motorola_dragonball'),
('Core i3-380M'),
('Core i5-560M'),
('omap311'),
('Athlon 64 X2 Dual Core TK-42'),
('Pentium T2080'),
('supersparc'),
('alpha_21064a'),
('Xeon 5000'),
('Celeron E3200'),
('Pentium E6300'),
('Pentium SU4100'),
('amd_e_series'),
('intel_strongarm'),
('Phenom II X3 Triple-Core N830'),
('hypersparc'),
('Core 2 Duo T9550'),
('Athlon Dual Core QL62A'),
('Celeron 900'),
('cyrix_iii'),
('Athlon II X4 Quad-Core 645'),
('athlon_xp'),
('eden_esp_4000'),
('Athlon II X4 Quad-Core 640'),
('80c32'),
('80c31'),
('alpha_21264a'),
('alpha_21264b'),
('alpha_21264c'),
('alpha_21264d'),
('Turion X2 RM-75'),
('hitachi_sh3'),
('Celeron 585'),
('c167cr'),
('Core 2 Duo E7500'),
('mc68328'),
('via_cyrix_c3'),
('Athlon LE 1640'),
('8031'),
('Core i7-980'),
('8032'),
('Core 2 Duo SL9600'),
('Core i7 4800MQ'),
('efficeon_tm8600'),
('Core 2 Duo P7450'),
('Atom N455'),
('athlon_64_x2'),
('Core i7-640M'),
('arm710'),
('Atom N450'),
('k6_2'),
('k6_3'),
('powerpc_750cx'),
('intel_centrino'),
('Pentium E2160'),
('Pentium T2350'),
('crusoe_tm5600'),
('Core 2 Duo E7200'),
('Core i7-620LM'),
('Phenom II X6 Six-Core 1035T'),
('r4700'),
('Core Duo U2400'),
('xscale_pxa262'),
('xscale_pxa261'),
('xscale_pxa260'),
('Celeron M 353'),
('Core 2 Duo P8600'),
('Core 2 Duo E5500'),
('Pentium T2130'),
('Core Solo U1500'),
('68ez328'),
('athlon_4'),
('Pentium T3400'),
('Core 2 Duo T8400'),
('Phenom II X4 Quad-Core 9650'),
('Turion II X2 Dual-Core P540'),
('Core 2 Duo P7350'),
('pentium_iii_e'),
('pentium_3_xeon'),
('Atom Z330'),
('Athlon 64 X2 Dual-Core 4450'),
('Athlon II Dual-Core P320'),
('Core i7-640LM'),
('Athlon II X2 Dual-Core M320'),
('r16000a'),
('Athlon II X3 Triple-Core 435'),
('Core 2 Duo T8100'),
('Core 2 Duo SU9300'),
('Athlon 64 X2 6400+'),
('Core 2 Quad Q6600'),
('Atom D510'),
('Pentium E3200'),
('Atom Z530'),
('pentium_xeon'),
('Core 2 Duo T5750'),
('Turion 64 X2 TL-60'),
('Core 2 Duo T5200'),
('Core Duo T2450'),
('Turion 64 X2 TL-62'),
('eden_esp_7000'),
('athlon_xp_m'),
('Athlon Neo X2 Dual-Core L325'),
('Athlon 64 X2 5600+'),
('Core i5-430M'),
('Core 2 Duo T9500'),
('tm_44'),
('k6_iii_plus'),
('Core 2 Duo SL9300'),
('vr4300'),
('Celeron T3000'),
('68lc040'),
('Xeon 3000'),
('Core 2 Duo SU4100'),
('phenom_dual_core'),
('alpha_21164a'),
('Geode GX'),
('mobile_duron'),
('fx_series_eight_core_fx_8100'),
('v30'),
('Athlon II X4 Quad-Core 635'),
('Core 2 Duo SU7300'),
('Athlon II X4 Quad-Core 630'),
('80c186'),
('mobile_k6_2_plus'),
('turion_64_x2'),
('omap310'),
('Core i3-330M'),
('powerpc_440gx'),
('Athlon II X2 Dual-Core 240e'),
('Pentium T2310'),
('pa_8700_plus'),
('Turion X2 Ultra ZM-87'),
('Athlon 64'),
('Core i5-450M'),
('Athlon X2 Dual-Core 3250e'),
('Turion II X2 Dual-Core M500'),
('pa_7100lc'),
('xscale'),
('Pentium E5800'),
('supersparc_ii'),
('pa_8600'),
('Core 2 Duo T7400'),
('pa_7200'),
('Celeron M 520'),
('Core 2 Duo SL7100'),
('Athlon 64 X2 3600+'),
('Turion II Ultra X2 Dual-Core M600'),
('sh_4'),
('sis550'),
('Phenom II X4 Quad-Core 830'),
('Celeron SU2300'),
('Core 2 Duo T5500'),
('pentium_ii_xeon'),
('mediagxlv'),
('mobile_celeron'),
('mc88110'),
('duron'),
('80386'),
('pa_8800'),
('pa_8900'),
('Celeron M 550'),
('phenom_triple_core'),
('Core i5-460M'),
('athlon_64_for_dtr'),
('powerpc_740_g3'),
('Phenom II X2 Dual-Core 511'),
('Celeron M T1400');

insert into amazon_computers.valid_has_color_screen values
('True'),
('False');

insert into amazon_computers.valid_power_supply_design values
('Modular'),
('None');

insert into amazon_computers.valid_power_supply_mounting_type values
('Side Mounted (Desktop)'),
('Bottom Mounted (Tower)'),
('Top Mounted Tower'),
('Top Mounted (Tower)'),
('Side Mounted Desktop'),
('Top and Bottom Mounted (Tower)'),
('Bottom Mounted Tower'),
('Top and Bottom Mounted Tower');

insert into amazon_computers.valid_wireless_provider values
('AT&T'),
('Sprint'),
('T Mobile'),
('Verizon');

insert into amazon_computers.valid_speaker_connectivity values
('Wireless'),
('Wired');

insert into amazon_computers.valid_video_output_format values
('HDTV'),
('H.264'),
('ATSC');

insert into amazon_computers.valid_item_weight_unit_of_measure values
('LB'),
('KG'),
('GR'),
('OZ');

insert into amazon_computers.valid_efficiency values
('80 PLUS GOLD Certified'),
('Standby Power Shutoff'),
('80 PLUS Certified'),
('80 PLUS BRONZE Certified'),
('80 PLUS SILVER Certified');

insert into amazon_computers.valid_external_hardware_interface values
('FireWire eSATA'),
('FireWire 1600'),
('USB 1.0'),
('FireWire 3200'),
('USB 1.1'),
('FireWire 400'),
('USB 2.0'),
('USB 3.0'),
('FireWire 800');

insert into amazon_computers.valid_power_factor_correction values
('Active'),
('Passive'),
('None');

insert into amazon_computers.valid_memory_module_type values
('DDR'),
('GDDR2'),
('GDDR3'),
('GDDR4'),
('GDDR5');

insert into amazon_computers.valid_computer_cpu_speed_unit_of_measure values
('Hz'),
('KHz'),
('MHz'),
('GHz');

insert into amazon_computers.valid_movement_detection_technology values
('TRUE'),
('FALSE');

insert into amazon_computers.valid_flash_memory_type values
('MLC'),
('SLC');

insert into amazon_computers.valid_hard_drive_size_unit_of_measure values
('KB'),
('TB'),
('GB'),
('MB');

insert into amazon_computers.valid_digital_audio_capacity values
('8gb'),
('80gb'),
('1.5gb'),
('40gb'),
('1-point-5gb'),
('20gb'),
('5gb'),
('130gb'),
('512mb'),
('64mb'),
('96mb'),
('30gb'),
('300gb'),
('256mb'),
('170gb'),
('190gb'),
('200gb'),
('110gb'),
('160gb'),
('10gb'),
('32mb'),
('4gb'),
('128mb'),
('60gb'),
('400gb'),
('500gb'),
('15gb'),
('150gb'),
('140gb'),
('16mb'),
('100gb'),
('6gb'),
('120gb'),
('2gb'),
('180gb'),
('1gb');

insert into amazon_computers.valid_onboard_video_chipset_description values
('Intel GMA 3100'),
('None'),
('S3 Chrome9 IGP'),
('Intel GMA 4500'),
('NVIDIA GeForce 9300'),
('Intel GMA X4500HD'),
('Intel GMA X4500'),
('NVIDIA GeForce 9400'),
('NVIDIA GeForce 7050'),
('Intel GMA 950'),
('Trident 2D/3D/Video'),
('Intel GMA X3100'),
('Intel GMA 4500M HD');

insert into amazon_computers.valid__3d_transmission_format values
('frame sequential'),
('checkerboard'),
('side-by-side'),
('frame packing');

insert into amazon_computers.valid_data_transfer_rate_unit_of_measure values
('KHz'),
('gbps'),
('mbps'),
('GHz'),
('PPS'),
('MHz');

insert into amazon_computers.valid_item_length_unit_of_measure values
('FT'),
('CM'),
('MM'),
('M'),
('IN');

insert into amazon_computers.valid_graphics_ram_type values
('sdram'),
('ddr_sdram'),
('dimm'),
('ddr2_sdram'),
('sipp'),
('ddr3_sdram'),
('sorimm'),
('ddr_dram'),
('rdram'),
('edo_dram'),
('simm'),
('sodimm');

insert into amazon_computers.valid_external_product_id_type values
('GCID'),
('GTIN'),
('UPC'),
('EAN');

insert into amazon_computers.valid_compatible_processor_types values
('intel_pentium_d'),
('mc68vz328'),
('r5000'),
('powerpc_403'),
('geode_gx1'),
('Unknown'),
('pa_8500'),
('ultrasparc_iii'),
('r10000'),
('80c88'),
('pentium_pro'),
('geode_gx'),
('intel_celeron_d'),
('athlon_64_fx'),
('itanium'),
('r3900'),
('pentium_4'),
('itanium_2'),
('pentium_2'),
('pentium_3'),
('motorola_dragonball'),
('power4_plus'),
('ultrasparc_iii_cu'),
('68030'),
('supersparc'),
('pentium_ii_xeon'),
('arm_7100'),
('intel_core_2_extreme'),
('r4640'),
('crusoe_5800'),
('mobile_pentium_4'),
('amd_e_series'),
('g4'),
('g3'),
('arm710t'),
('mobile_pentium_2'),
('hypersparc'),
('mobile_pentium_4_ht'),
('ultrasparc_iv_plus'),
('pa_8900'),
('none'),
('xscale_pxa260'),
('arm710a'),
('r4000'),
('geode_gxm'),
('power3_ii'),
('cyrix_iii'),
('s3c2410'),
('omap1710'),
('athlon_xp'),
('ultrasparc_iiii'),
('efficion_8800'),
('r4310'),
('80c32'),
('80c31'),
('v30mx'),
('geode_gxlv'),
('alpha_21264a'),
('alpha_21264b'),
('alpha_21264c'),
('extremecpu'),
('r3912'),
('sh7709a'),
('68328'),
('r5230'),
('hitachi_sh3'),
('vr4111'),
('eden_esp_4000'),
('c167cr'),
('handheld_engine_cxd2230ga'),
('pentium_m'),
('mc68328'),
('s3c2442'),
('ultrasparc_s400'),
('68000'),
('8031'),
('r16000a'),
('r16000b'),
('8032'),
('alpha_21264d'),
('efficeon_tm8600'),
('alpha_ev7'),
('alpha_21164'),
('athlon_64_x2'),
('alpha_21164a'),
('microsparc_ii'),
('mediagxm'),
('powerpc_rs64'),
('k6_2'),
('bulverde'),
('intel_core_2_duo_mobile'),
('powerpc_403_gcx'),
('powerpc_750cx'),
('r12000a'),
('athlon'),
('texas_instruments_omap1510'),
('intel_centrino'),
('xscale_pxa901'),
('cyrix_mii'),
('ultrasparc_iis'),
('elansc400'),
('mc68sz328'),
('athlon_64'),
('powerpc_750_g3'),
('crusoe_tm5600'),
('k6_2e'),
('sparc64v'),
('68882'),
('r4700'),
('ultrasparc_iie'),
('r3910'),
('intel_core_duo'),
('xscale_pxa262'),
('xscale_pxa261'),
('r14000a'),
('eden_esp_6000'),
('opteron'),
('powerpc'),
('mobile_sempron'),
('sparc'),
('omap850'),
('pentium_4_extreme_edition'),
('mobile_athon_64'),
('intel_atom_n270'),
('68ez328'),
('athlon_4'),
('r16000'),
('intel_atom_z520'),
('winchip_c6'),
('handheld_engine_cxd2230ga_temp'),
('vr4121'),
('elansc310'),
('powerpc_603e'),
('crusoe_tm3200'),
('eden_esp_5000'),
('sparc_ii'),
('ultrasparc_ii'),
('pentium_iii_e'),
('tmpr3922au'),
('pentium_3_xeon'),
('supersparc_ii'),
('xscale_pxa272'),
('pentium_dual_core'),
('intel_core_2_duo'),
('pentium'),
('arm7500fe'),
('pr31700'),
('xscale_pxa270'),
('sa_110'),
('intel_pentium_4_ht'),
('powerpc_604'),
('via_cyrix_c3'),
('powerpc_603ev'),
('vr4181'),
('intel_atom_z530'),
('intel_xscale_pxa263'),
('winchip_2'),
('r12000'),
('sa_1100'),
('turion_64'),
('80486sx'),
('elansc300'),
('geoden_x'),
('crusoe_tm5500'),
('power5'),
('power4'),
('power3'),
('pentium_xeon'),
('intel_core_2_solo'),
('k6_2_plus'),
('mobile_athlon_4'),
('pa_8700'),
('v25'),
('powerpc_403ga'),
('turbosparc'),
('alpha_21064a'),
('r14000'),
('microsparc_iiep'),
('eden_esp_7000'),
('pa_8000'),
('athlon_xp_m'),
('5x86'),
('80486'),
('alpha_21364'),
('sempron'),
('68040'),
('ultrasparc_iv'),
('intel_xeon_mp'),
('k6_iii_plus'),
('athlon_mp'),
('eden'),
('vr4300'),
('amd_c_series'),
('intel_atom_n450'),
('68lc040'),
('mediagxi'),
('tx3922'),
('h8s'),
('powerpc_601'),
('powerpc_603'),
('phenom_dual_core'),
('powerpc_rs64_iii'),
('mc68ez328'),
('intel_centrino_2'),
('arm710'),
('sis550'),
('vr4122'),
('nec_mips'),
('mobile_duron'),
('intel_xscale_pxa250'),
('v30'),
('tm_44'),
('pentium_mmx'),
('intel_core_solo'),
('g5'),
('turion_64_x2'),
('80c186'),
('pa_7300lc'),
('80486slc'),
('amd_a_series'),
('6x86'),
('r4300'),
('mobile_athlon_xp_m'),
('intel_strongarm'),
('intel_atom_n280'),
('pa_7100lc'),
('mediagx'),
('k6_3'),
('s3c2440'),
('phenom_quad_core'),
('omap310'),
('omap311'),
('powerpc_440gx'),
('ultrasparc_i'),
('powerpc_970'),
('sa_1110'),
('pa_8700_plus'),
('alpha_21264'),
('arm610'),
('mobile_pentium_3'),
('rm5231'),
('intel_core_2_quad'),
('pa_8200'),
('celeron'),
('k5'),
('vr4131'),
('xscale'),
('core_i5'),
('core_i7'),
('powerpc_rs64_iv'),
('core_i3'),
('ultrasparc_t1'),
('intel_atom_230'),
('pentium_iii_s'),
('intel_atom'),
('6x86mx'),
('80486dx2'),
('sh_4'),
('intel_atom_330'),
('intel_xeon'),
('intel_xscale_pxa255'),
('ultrasparc_iii_plus'),
('powerpc_rs64_ii'),
('mediagxlv'),
('mobile_celeron'),
('mc88110'),
('duron'),
('80386'),
('efficeon'),
('pa_8800'),
('mobile_k6_2_plus'),
('k6_mmx'),
('eden_esp'),
('phenom_triple_core'),
('pa_8600'),
('powerpc_604e'),
('efficeon_tm8000'),
('pa_7200'),
('powerpc_740_g3'),
('athlon_64_for_dtr');

insert into amazon_computers.valid_included_components values
('Heat Sink Included'),
('Fan Included'),
('DVD'),
('VHS'),
('CD'),
('Fan and Heat Sink Included'),
('Cassette'),
('Blu-ray'),
('Other');

insert into amazon_computers.valid_pressure_sensitivity_unit_of_measure values
('Level');

insert into amazon_computers.valid_keyboard_description values
('BD'),
('BE'),
('BF'),
('BG'),
('BA'),
('BB'),
('WF'),
('BM'),
('BN'),
('BO'),
('BH'),
('BI'),
('BJ'),
('BT'),
('JM'),
('BV'),
('BW'),
('WS'),
('BR'),
('BS'),
('JE'),
('BY'),
('BZ'),
('RU'),
('RW'),
('RS'),
('TL'),
('RE'),
('TM'),
('Unknown'),
('TJ'),
('RO'),
('TK'),
('GW'),
('GU'),
('GT'),
('GS'),
('GR'),
('GQ'),
('GP'),
('JP'),
('GY'),
('GG'),
('GF'),
('GE'),
('GD'),
('GB'),
('GA'),
('SV'),
('GN'),
('GM'),
('GL'),
('yu'),
('GI'),
('GH'),
('OM'),
('TN'),
('JO'),
('HR'),
('HT'),
('HU'),
('HK'),
('HN'),
('HM'),
('VE'),
('PR'),
('PS'),
('PW'),
('PT'),
('SJ'),
('PY'),
('IQ'),
('PA'),
('PF'),
('PG'),
('PE'),
('PK'),
('PH'),
('PN'),
('PL'),
('PM'),
('ZM'),
('wd'),
('EH'),
('EE'),
('EG'),
('ZA'),
('EC'),
('IT'),
('VN'),
('SB'),
('ET'),
('ZW'),
('SA'),
('ES'),
('ER'),
('MD'),
('MG'),
('MA'),
('MC'),
('UZ'),
('MM'),
('ML'),
('MO'),
('MN'),
('MH'),
('MK'),
('MU'),
('MT'),
('MW'),
('MV'),
('MQ'),
('MP'),
('MS'),
('MR'),
('IM'),
('UG'),
('TZ'),
('MY'),
('MX'),
('IL'),
('FR'),
('xn'),
('IO'),
('xm'),
('xb'),
('xc'),
('SH'),
('cd'),
('wz'),
('xy'),
('cs'),
('FI'),
('FJ'),
('FK'),
('FM'),
('FO'),
('xe'),
('NI'),
('NL'),
('SO'),
('VU'),
('NC'),
('NE'),
('NF'),
('NG'),
('NZ'),
('ZR'),
('NP'),
('NR'),
('NU'),
('CK'),
('CI'),
('CH'),
('CO'),
('CN'),
('CM'),
('CL'),
('CC'),
('CA'),
('CG'),
('CF'),
('CZ'),
('CY'),
('CX'),
('CR'),
('CV'),
('CU'),
('SZ'),
('SY'),
('KG'),
('KE'),
('SR'),
('KI'),
('KH'),
('KN'),
('KM'),
('ST'),
('SK'),
('KR'),
('SI'),
('KP'),
('KW'),
('SN'),
('SM'),
('SL'),
('SC'),
('KZ'),
('KY'),
('SG'),
('SE'),
('SD'),
('DO'),
('DM'),
('DJ'),
('DK'),
('VG'),
('DE'),
('YE'),
('DZ'),
('US'),
('UY'),
('ic'),
('YT'),
('UM'),
('LB'),
('LC'),
('LA'),
('TV'),
('TW'),
('TT'),
('TR'),
('LK'),
('LI'),
('LV'),
('TO'),
('LT'),
('LU'),
('LR'),
('LS'),
('TH'),
('TF'),
('TG'),
('TD'),
('TC'),
('LY'),
('VA'),
('VC'),
('AE'),
('AD'),
('AG'),
('AF'),
('AI'),
('VI'),
('IS'),
('IR'),
('AM'),
('AL'),
('AO'),
('AN'),
('AQ'),
('AS'),
('AR'),
('AU'),
('AT'),
('AW'),
('IN'),
('AX'),
('AZ'),
('IE'),
('ID'),
('sx'),
('UA'),
('no'),
('QA'),
('MZ');

insert into amazon_computers.valid_mfg_warranty_description_type values
('Labor+Parts'),
('Parts'),
('Labor');

insert into amazon_computers.valid_related_product_id_type values
('GCID'),
('ASIN'),
('EAN'),
('UPC'),
('GTIN');

insert into amazon_computers.valid_ram_memory_installed_size_unit_of_measure values
('GB'),
('MB');

insert into amazon_computers.valid_hotswap_bay_type_units values
('FT'),
('CM'),
('MM'),
('M'),
('IN');

insert into amazon_computers.valid_media_type_base values
('DVD+RW'),
('VHS'),
('CD-R'),
('BD-R'),
('BD+RW'),
('DVD-R'),
('CD+RW'),
('BD+R'),
('CD+R'),
('Cassette'),
('MP3'),
('DVD+R'),
('Blu-ray');

insert into amazon_computers.valid_cooler_heatsink_compatibility values
('Socket 7'),
('Socket 940'),
('LGA 1155'),
('LGA 1156'),
('Socket AM3'),
('Socket AM2'),
('LGA 771'),
('Socket G34'),
('LGA 775'),
('Socket AM2+'),
('Socket 478'),
('LGA 1366'),
('Socket 775'),
('LGA 1248'),
('Socket 754'),
('Socket FM1'),
('LGA 1567'),
('Socket C32'),
('Socket 939'),
('Socket A'),
('Socket F'),
('Socket 370'),
('LGA 2011'),
('Socket 604');

insert into amazon_computers.valid_cpsia_cautionary_statement values
('no_warning_applicable'),
('choking_hazard_contains_a_marble'),
('contains_small_magnets'),
('choking_hazard_is_a_marble'),
('choking_hazard_balloon'),
('choking_hazard_small_parts'),
('choking_hazard_contains_small_ball'),
('choking_hazard_is_a_small_ball');

insert into amazon_computers.valid_radio_bands_supported values
('Dual Band'),
('Simultaneous Dual Band'),
('Single Band'),
('Selectable Dual Band');

insert into amazon_computers.valid_country_of_origin values
('Canada'),
('Guinea-Bissau'),
('Saint Helena'),
('Unknown'),
('Lithuania'),
('Cambodia'),
('Switzerland'),
('Ethiopia'),
('Aruba'),
('Swaziland'),
('Argentina'),
('Bolivia'),
('Cameroon'),
('Burkina Faso'),
('Turkmenistan'),
('Ghana'),
('Saudi Arabia'),
('Togo'),
('Japan'),
('Cape Verde'),
('Cocos (Keeling) Islands'),
('Slovenia'),
('Guatemala'),
('Bosnia and Herzegovina'),
('Kuwait'),
('Burma (Myanmar)'),
('Jordan'),
('Dominica'),
('Liberia'),
('Maldives'),
('Jamaica'),
('Oman'),
('Tanzania'),
('Martinique'),
('Saint Kitts And Nevis'),
('Ivory Coast'),
('Albania'),
('Gabon'),
('Niue'),
('Monaco'),
('Wallis and Futuna'),
('New Zealand'),
('Yemen'),
('Jersey'),
('Andorra'),
('Greenland'),
('Samoa'),
('Macau'),
('S. Georgia and S. Sandwich Isls.'),
('Norfolk Island'),
('United Arab Emirates'),
('Guam'),
('India'),
('Azerbaijan'),
('Lesotho'),
('Saint Vincent And The Grenadines'),
('Kenya'),
('South Korea'),
('Tajikistan'),
('Turkey'),
('Afghanistan'),
('Bangladesh'),
('Mauritania'),
('Solomon Islands'),
('Saint Lucia'),
('Hungary'),
('San Marino'),
('French Polynesia'),
('France'),
('Bermuda'),
('Slovakia'),
('Somalia'),
('Peru'),
('Laos'),
('Nauru'),
('Seychelles'),
('Norway'),
('Malawi'),
('Cook Islands'),
('Benin'),
('Western Sahara'),
('Cuba'),
('Republic of the Congo'),
('Mayotte'),
('China'),
('Armenia'),
('Dominican Republic'),
('Mongolia'),
('Ukraine'),
('Bahrain'),
('Tonga'),
('Finland'),
('Libya'),
('New Caledonia'),
('Cayman Islands'),
('Central African Republic'),
('Heard and McDonald Islands'),
('Mauritius'),
('Liechtenstein'),
('Australia'),
('Antigua And Barbuda'),
('Mali'),
('Russia'),
('Bulgaria'),
('United States'),
('Romania'),
('Angola'),
('French Southern Territories'),
('Chad'),
('South Africa'),
('Tokelau'),
('Cyprus'),
('Sweden'),
('Qatar'),
('Malaysia'),
('Austria'),
('Vietnam'),
('Mozambique'),
('Uganda'),
('Canary Islands'),
('British Virgin Islands'),
('Niger'),
('Isle of Man'),
('Brazil'),
('Turks And Caicos Islands'),
('Falkland Islands'),
('Faroe Islands'),
('Guinea'),
('Panama'),
('Costa Rica'),
('Luxembourg'),
('American Samoa'),
('Bahamas'),
('Gibraltar'),
('Ireland'),
('Pakistan'),
('Palau'),
('Nigeria'),
('Ecuador'),
('Czech Republic'),
('US Virgin Islands'),
('Brunei'),
('Belarus'),
('Iran'),
('Algeria'),
('Svalbard'),
('El Salvador'),
('Tuvalu'),
('Zaire'),
('Pitcairn Islands'),
('Saint Pierre and Miquelon'),
('Marshall Islands'),
('Chile'),
('Puerto Rico'),
('Belgium'),
('Kiribati'),
('Haiti'),
('Belize'),
('Hong Kong'),
('Sierra Leone'),
('Georgia'),
('Gambia'),
('Philippines'),
('Sao Tome And Principe'),
('Moldova'),
('Holy See (Vatican City)'),
('Croatia'),
('Micronesia'),
('Guernsey'),
('Thailand'),
('Namibia'),
('Grenada'),
('Iraq'),
('Portugal'),
('Estonia'),
('Uruguay'),
('Equatorial Guinea'),
('Lebanon'),
('Uzbekistan'),
('Tunisia'),
('Djibouti'),
('Rwanda'),
('Timor-Leste'),
('Spain'),
('Colombia'),
('Reunion'),
('Burundi'),
('Taiwan'),
('Fiji'),
('Barbados'),
('Madagascar'),
('Italy'),
('Bhutan'),
('Sudan'),
('Nepal'),
('Malta'),
('Democratic Republic of the Congo'),
('Netherlands'),
('Northern Mariana Islands'),
('Suriname'),
('Anguilla'),
('Venezuela'),
('Netherlands Antilles'),
('Aland Islands'),
('Israel'),
('Indonesia'),
('Iceland'),
('Zambia'),
('Senegal'),
('Papua New Guinea'),
('Zimbabwe'),
('Germany'),
('Vanuatu'),
('Denmark'),
('Saint-Martin'),
('Kazakhstan'),
('Poland'),
('Eritrea'),
('Kyrgyzstan'),
('Palestinian Territory'),
('British Indian Ocean Territory'),
('Montserrat'),
('Mexico'),
('Macedonia'),
('North Korea'),
('Sri Lanka'),
('Latvia'),
('Guyana'),
('Syria'),
('Guadeloupe'),
('Morocco'),
('Honduras'),
('Bouvet Island'),
('Egypt'),
('Nicaragua'),
('Singapore'),
('Serbia'),
('Botswana'),
('United Kingdom'),
('Trinidad And Tobago'),
('Antarctica'),
('Christmas Island'),
('Greece'),
('Paraguay'),
('French Guiana'),
('Comoros'),
('US Minor Outlying Islands');

insert into amazon_computers.valid_front_photo_sensor_resolution_unit_of_measure values
('megapixels'),
('lpi');

insert into amazon_computers.valid_amplifier_type values
('TRUE'),
('FALSE');

insert into amazon_computers.valid_maximum_current_unit_of_measure values
('A'),
('mA');

