insert into amazon_home.valid_package_dimensions_unit_of_measure values
($$FT$$),
($$CM$$),
($$MM$$),
($$M$$),
($$IN$$);

insert into amazon_home.valid_item_form values
($$Heat-Pack$$),
($$Cream$$),
($$Liquid$$),
($$Solid$$),
($$Syrup$$),
($$Ointment$$),
($$Foam$$),
($$Spray$$),
($$Lotion$$),
($$Inhalant-Oil$$),
($$Capsule$$),
($$Oil$$),
($$Tablets$$),
($$Powder$$),
($$Talc$$),
($$Drops$$),
($$Other$$),
($$Wipes$$),
($$Sachets$$),
($$Gel$$);

insert into amazon_home.valid_scent_name values
($$Festive$$),
($$Food$$),
($$Scented$$),
($$Aromatherapy$$),
($$Fruit$$),
($$Floral$$),
($$Fresh$$),
($$Unscented$$),
($$Spice$$);

insert into amazon_home.valid_item_display_weight_unit_of_measure values
($$LB$$),
($$KG$$),
($$GR$$),
($$OZ$$);

insert into amazon_home.valid_website_shipping_weight_unit_of_measure values
($$LB$$),
($$KG$$),
($$GR$$),
($$OZ$$);

insert into amazon_home.valid_volume_capacity_name_unit_of_measure values
($$liter$$),
($$cup$$),
($$quart$$),
($$ounce$$),
($$gallon$$),
($$pint$$);

insert into amazon_home.valid_paint_type values
($$Decorative$$),
($$Oil$$),
($$Airbrush$$),
($$Specialty$$),
($$Watercolor$$),
($$Gouache$$),
($$Tempera$$),
($$Acrylic$$),
($$Encaustic$$);

insert into amazon_home.valid_display_dimensions_unit_of_measure values
($$FT$$),
($$CM$$),
($$MM$$),
($$M$$),
($$IN$$);

insert into amazon_home.valid_battery_type values
($$battery_type_d$$),
($$battery_type_a$$),
($$battery_type_c$$),
($$battery_type_lithium_ion$$),
($$battery_type_aaa$$),
($$battery_type_9v$$),
($$battery_type_aa$$),
($$battery_type_p76$$),
($$battery_type_cr123a$$),
($$battery_type_product_specific$$),
($$battery_type_cr5$$),
($$battery_type_cr2$$);

insert into amazon_home.valid_maximum_item_width_unit_of_measure values
($$FT$$),
($$CM$$),
($$MM$$),
($$M$$),
($$IN$$);

insert into amazon_home.valid_theme values
($$Foods & Beverages$$),
($$Churches & Houses$$),
($$Pastoral$$),
($$Schools, Colleges & Universities$$),
($$Landscapes & Seascapes$$),
($$Sports$$),
($$Romance & Love$$),
($$Military & Patriotic$$),
($$Music$$),
($$Carnivals & Clowns$$),
($$Angels$$),
($$Popular Characters$$),
($$Flowers & Plants$$),
($$Holidays$$),
($$Dinosaurs$$),
($$Fruits & Vegetables$$),
($$Seasons$$),
($$Cityscapes, Shops & Restaurants$$),
($$Birds & Bugs$$),
($$Animals & Sealife$$),
($$Vehicles & Transportation$$),
($$Religious & Inspirational$$),
($$Teddy Bears$$),
($$People$$),
($$Fantasy$$),
($$Moons & Stars$$),
($$Gothic$$),
($$Nautical$$);

insert into amazon_home.valid_condition_type values
($$UsedGood$$),
($$CollectibleGood$$),
($$Club$$),
($$UsedLikeNew$$),
($$UsedVeryGood$$),
($$CollectibleAcceptable$$),
($$Refurbished$$),
($$New$$),
($$CollectibleLikeNew$$),
($$CollectibleVeryGood$$),
($$UsedAcceptable$$);

insert into amazon_home.valid_parent_child values
($$parent$$),
($$child$$);

insert into amazon_home.valid_gtin_exemption_reason values
($$ReplacementPart$$),
($$CustomProductBundle$$);

insert into amazon_home.valid_blade_length_unit_of_measure values
($$FT$$),
($$CM$$),
($$MM$$),
($$M$$),
($$IN$$);

insert into amazon_home.valid_country_as_labeled values
($$Canada$$),
($$Guinea-Bissau$$),
($$Saint Helena$$),
($$Unknown$$),
($$Lithuania$$),
($$Cambodia$$),
($$Switzerland$$),
($$Ethiopia$$),
($$Aruba$$),
($$Swaziland$$),
($$Argentina$$),
($$Bolivia$$),
($$Cameroon$$),
($$Burkina Faso$$),
($$Turkmenistan$$),
($$Ghana$$),
($$Saudi Arabia$$),
($$Togo$$),
($$Japan$$),
($$Cape Verde$$),
($$Cocos (Keeling) Islands$$),
($$Slovenia$$),
($$Guatemala$$),
($$Bosnia and Herzegovina$$),
($$Kuwait$$),
($$Burma (Myanmar)$$),
($$Jordan$$),
($$Dominica$$),
($$Liberia$$),
($$Maldives$$),
($$Jamaica$$),
($$Oman$$),
($$Tanzania$$),
($$Martinique$$),
($$Saint Kitts And Nevis$$),
($$Ivory Coast$$),
($$Albania$$),
($$Gabon$$),
($$Niue$$),
($$Monaco$$),
($$Wallis and Futuna$$),
($$New Zealand$$),
($$Yemen$$),
($$Jersey$$),
($$Andorra$$),
($$Greenland$$),
($$Samoa$$),
($$Macau$$),
($$S. Georgia and S. Sandwich Isls.$$),
($$Norfolk Island$$),
($$United Arab Emirates$$),
($$Guam$$),
($$India$$),
($$Azerbaijan$$),
($$Lesotho$$),
($$Saint Vincent And The Grenadines$$),
($$Kenya$$),
($$South Korea$$),
($$Tajikistan$$),
($$Turkey$$),
($$Afghanistan$$),
($$Bangladesh$$),
($$Mauritania$$),
($$Solomon Islands$$),
($$Saint Lucia$$),
($$Hungary$$),
($$San Marino$$),
($$French Polynesia$$),
($$France$$),
($$Bermuda$$),
($$Slovakia$$),
($$Somalia$$),
($$Peru$$),
($$Laos$$),
($$Nauru$$),
($$Seychelles$$),
($$Norway$$),
($$Malawi$$),
($$Cook Islands$$),
($$Benin$$),
($$Western Sahara$$),
($$Cuba$$),
($$Republic of the Congo$$),
($$Mayotte$$),
($$China$$),
($$Armenia$$),
($$Dominican Republic$$),
($$Mongolia$$),
($$Ukraine$$),
($$Bahrain$$),
($$Tonga$$),
($$Finland$$),
($$Libya$$),
($$New Caledonia$$),
($$Cayman Islands$$),
($$Central African Republic$$),
($$Heard and McDonald Islands$$),
($$Mauritius$$),
($$Liechtenstein$$),
($$Australia$$),
($$Antigua And Barbuda$$),
($$Mali$$),
($$Russia$$),
($$Bulgaria$$),
($$United States$$),
($$Romania$$),
($$Angola$$),
($$French Southern Territories$$),
($$Chad$$),
($$South Africa$$),
($$Tokelau$$),
($$Cyprus$$),
($$Sweden$$),
($$Qatar$$),
($$Malaysia$$),
($$Austria$$),
($$Vietnam$$),
($$Mozambique$$),
($$Uganda$$),
($$Canary Islands$$),
($$British Virgin Islands$$),
($$Niger$$),
($$Isle of Man$$),
($$Brazil$$),
($$Turks And Caicos Islands$$),
($$Falkland Islands$$),
($$Faroe Islands$$),
($$Guinea$$),
($$Panama$$),
($$Costa Rica$$),
($$Luxembourg$$),
($$American Samoa$$),
($$Bahamas$$),
($$Gibraltar$$),
($$Ireland$$),
($$Pakistan$$),
($$Palau$$),
($$Nigeria$$),
($$Ecuador$$),
($$Czech Republic$$),
($$US Virgin Islands$$),
($$Brunei$$),
($$Belarus$$),
($$Iran$$),
($$Algeria$$),
($$Svalbard$$),
($$El Salvador$$),
($$Tuvalu$$),
($$Zaire$$),
($$Pitcairn Islands$$),
($$Saint Pierre and Miquelon$$),
($$Marshall Islands$$),
($$Chile$$),
($$Puerto Rico$$),
($$Belgium$$),
($$Kiribati$$),
($$Haiti$$),
($$Belize$$),
($$Hong Kong$$),
($$Sierra Leone$$),
($$Georgia$$),
($$Gambia$$),
($$Philippines$$),
($$Sao Tome And Principe$$),
($$Moldova$$),
($$Holy See (Vatican City)$$),
($$Croatia$$),
($$Micronesia$$),
($$Guernsey$$),
($$Thailand$$),
($$Namibia$$),
($$Grenada$$),
($$Iraq$$),
($$Portugal$$),
($$Estonia$$),
($$Uruguay$$),
($$Equatorial Guinea$$),
($$Lebanon$$),
($$Uzbekistan$$),
($$Tunisia$$),
($$Djibouti$$),
($$Rwanda$$),
($$Timor-Leste$$),
($$Spain$$),
($$Colombia$$),
($$Reunion$$),
($$Burundi$$),
($$Taiwan$$),
($$Fiji$$),
($$Barbados$$),
($$Madagascar$$),
($$Italy$$),
($$Bhutan$$),
($$Sudan$$),
($$Nepal$$),
($$Malta$$),
($$Democratic Republic of the Congo$$),
($$Netherlands$$),
($$Northern Mariana Islands$$),
($$Suriname$$),
($$Anguilla$$),
($$Venezuela$$),
($$Netherlands Antilles$$),
($$Aland Islands$$),
($$Israel$$),
($$Indonesia$$),
($$Iceland$$),
($$Zambia$$),
($$Senegal$$),
($$Papua New Guinea$$),
($$Zimbabwe$$),
($$Germany$$),
($$Vanuatu$$),
($$Denmark$$),
($$Saint-Martin$$),
($$Kazakhstan$$),
($$Poland$$),
($$Eritrea$$),
($$Kyrgyzstan$$),
($$Palestinian Territory$$),
($$British Indian Ocean Territory$$),
($$Montserrat$$),
($$Mexico$$),
($$Macedonia$$),
($$North Korea$$),
($$Sri Lanka$$),
($$Latvia$$),
($$Guyana$$),
($$Syria$$),
($$Guadeloupe$$),
($$Morocco$$),
($$Honduras$$),
($$Bouvet Island$$),
($$Egypt$$),
($$Nicaragua$$),
($$Singapore$$),
($$Serbia$$),
($$Botswana$$),
($$United Kingdom$$),
($$Trinidad And Tobago$$),
($$Antarctica$$),
($$Christmas Island$$),
($$Greece$$),
($$Paraguay$$),
($$French Guiana$$),
($$Comoros$$),
($$US Minor Outlying Islands$$);

insert into amazon_home.valid_blade_material_type values
($$Steel$$),
($$Teflon$$),
($$Aluminum$$),
($$Stainless steel$$),
($$Ceramic$$),
($$Plastic$$),
($$Titanium$$),
($$Resin Coated$$),
($$Alloy$$),
($$Carbon$$),
($$Brass$$);

insert into amazon_home.valid_import_designation values
($$Made in USA$$),
($$Made in USA or Imported$$),
($$Imported$$),
($$Made in USA and Imported$$);

insert into amazon_home.valid_special_features values
($$Adjustable Speed Control$$),
($$Stemless$$),
($$Countdown Timer$$),
($$Slow Cookers, Breadmachines, Coffee Makers$$),
($$Programmable$$),
($$Gas Stovetop Compatible$$),
($$Automatic Shut-Off$$),
($$Induction Stovetop Compatible$$),
($$Skillets, Saucepans$$),
($$Pre-Seasoned$$),
($$Wineglasses$$),
($$Tilt Head$$),
($$Manual$$),
($$Microwave Safe$$),
($$Mixers$$),
($$All Cookware$$),
($$Dishwasher Safe$$),
($$Coffee Grinder$$),
($$Permanent Filter$$),
($$Converts to Hand Mixer$$),
($$Thermal$$),
($$Electric Stovetop Compatible$$),
($$Speed Sensor$$);

insert into amazon_home.valid_variation_theme values
($$Sizename-Colorname$$),
($$MaterialSize$$),
($$ColorName$$),
($$SizeName$$),
($$Material$$),
($$ItemPackageQuantityColor$$),
($$ItemPackageQuantitySize$$),
($$ItemPackageQuantity$$);

insert into amazon_home.valid_minimum_height_recommendation_unit_of_measure values
($$FT$$),
($$CM$$),
($$MM$$),
($$M$$),
($$IN$$);

insert into amazon_home.valid_size_map values
($$XXS$$),
($$XL$$),
($$M$$),
($$L$$),
($$S$$),
($$XS$$),
($$XXL$$);

insert into amazon_home.valid_item_display_volume_unit_of_measure values
($$liter$$),
($$cup$$),
($$quart$$),
($$ounce$$),
($$gallon$$),
($$pint$$);

insert into amazon_home.valid_hose_length_unit_of_measure values
($$FT$$),
($$CM$$),
($$MM$$),
($$M$$),
($$IN$$);

insert into amazon_home.valid_flavor_name values
($$Lamb$$),
($$Cheese$$),
($$Pork$$),
($$Beef$$),
($$Variety$$),
($$Turkey$$),
($$Seafood$$),
($$Fruit$$),
($$Bison$$),
($$Liver$$),
($$Duck$$),
($$Vegetable$$),
($$Chicken$$),
($$Mint$$),
($$Milk$$),
($$Peanut Butter$$);

insert into amazon_home.valid_country_string values
($$Canada$$),
($$Saint Martin$$),
($$Turkmenistan$$),
($$Saint Helena$$),
($$Lithuania$$),
($$Cambodia$$),
($$Switzerland$$),
($$Ethiopia$$),
($$Aruba$$),
($$Swaziland$$),
($$Argentina$$),
($$Bolivia$$),
($$Cameroon$$),
($$Burkina Faso$$),
($$Ghana$$),
($$Saudi Arabia$$),
($$Yemen$$),
($$Togo$$),
($$Japan$$),
($$Wallis & Futuna$$),
($$Cape Verde$$),
($$Northern Mariana Islands$$),
($$Slovenia$$),
($$Guatemala$$),
($$Zimbabwe$$),
($$Kuwait$$),
($$Jordan$$),
($$Dominica$$),
($$Liberia$$),
($$Maldives$$),
($$Jamaica$$),
($$Trinidad & Tobago$$),
($$Oman$$),
($$Tanzania$$),
($$Martinique$$),
($$Ivory Coast$$),
($$Albania$$),
($$Gabon$$),
($$Niue$$),
($$Monaco$$),
($$New Zealand$$),
($$Saint Pierre & Miquelon$$),
($$Jersey$$),
($$Andorra$$),
($$Greenland$$),
($$Samoa$$),
($$Macau$$),
($$Norfolk Island$$),
($$United Arab Emirates$$),
($$Guam$$),
($$Uruguay$$),
($$India$$),
($$Azerbaijan$$),
($$Lesotho$$),
($$Cyprus$$),
($$South Korea$$),
($$Tajikistan$$),
($$Turkey$$),
($$Afghanistan$$),
($$Bangladesh$$),
($$Mauritania$$),
($$Solomon Islands$$),
($$Saint Lucia$$),
($$San Marino$$),
($$French Polynesia$$),
($$France$$),
($$Bermuda$$),
($$Slovakia$$),
($$Somalia$$),
($$Peru$$),
($$Laos$$),
($$Republic of Congo$$),
($$Nauru$$),
($$Seychelles$$),
($$Norway$$),
($$Malawi$$),
($$Cook Islands$$),
($$Benin$$),
($$Western Sahara$$),
($$Cuba$$),
($$Mayotte$$),
($$China$$),
($$Armenia$$),
($$Dominican Republic$$),
($$Mongolia$$),
($$Ukraine$$),
($$Bahrain$$),
($$Tonga$$),
($$Finland$$),
($$Libya$$),
($$Cayman Islands$$),
($$Central African Republic$$),
($$New Caledonia$$),
($$Mauritius$$),
($$Liechtenstein$$),
($$Australia$$),
($$British Virgin Islands$$),
($$Kenya$$),
($$Heard & McDonald Islands$$),
($$Russia$$),
($$Bulgaria$$),
($$United States$$),
($$Romania$$),
($$Angola$$),
($$French Southern Territories$$),
($$Chad$$),
($$South Africa$$),
($$Tokelau$$),
($$Democratic Republic of Congo$$),
($$Sweden$$),
($$Qatar$$),
($$Antigua & Barbuda$$),
($$Malaysia$$),
($$Austria$$),
($$Vietnam$$),
($$Mozambique$$),
($$Uganda$$),
($$Canary Islands$$),
($$Hungary$$),
($$Niger$$),
($$Isle of Man$$),
($$Brazil$$),
($$Falkland Islands$$),
($$Faroe Islands$$),
($$Guinea$$),
($$Panama$$),
($$Mali$$),
($$Costa Rica$$),
($$Luxembourg$$),
($$American Samoa$$),
($$Bahamas$$),
($$Gibraltar$$),
($$Ireland$$),
($$Pakistan$$),
($$Palau$$),
($$Nigeria$$),
($$Ecuador$$),
($$Czech Republic$$),
($$US Virgin Islands$$),
($$Brunei$$),
($$Belarus$$),
($$Iran$$),
($$Saint Kitts & Nevis$$),
($$Algeria$$),
($$Svalbard$$),
($$El Salvador$$),
($$Tuvalu$$),
($$Pitcairn Islands$$),
($$Turks & Caicos Islands$$),
($$Marshall Islands$$),
($$Chile$$),
($$Puerto Rico$$),
($$Belgium$$),
($$Kiribati$$),
($$Haiti$$),
($$Belize$$),
($$Hong Kong$$),
($$Sierra Leone$$),
($$Georgia$$),
($$Gambia$$),
($$Philippines$$),
($$Guinea Bissau$$),
($$Moldova$$),
($$Morocco$$),
($$Croatia$$),
($$Micronesia$$),
($$Guernsey$$),
($$Thailand$$),
($$Namibia$$),
($$Grenada$$),
($$Iraq$$),
($$Portugal$$),
($$Estonia$$),
($$Kosovo$$),
($$Equatorial Guinea$$),
($$Lebanon$$),
($$Uzbekistan$$),
($$Tunisia$$),
($$Djibouti$$),
($$Rwanda$$),
($$Spain$$),
($$Colombia$$),
($$Reunion$$),
($$Burundi$$),
($$Taiwan$$),
($$Fiji$$),
($$Barbados$$),
($$Cocos Islands$$),
($$Madagascar$$),
($$Italy$$),
($$Bhutan$$),
($$Sudan$$),
($$Nepal$$),
($$Malta$$),
($$Bosnia & Herzegovina$$),
($$Netherlands$$),
($$Suriname$$),
($$Anguilla$$),
($$Venezuela$$),
($$Holy See$$),
($$Aland Islands$$),
($$Israel$$),
($$Indonesia$$),
($$South Georgia & South Sandwich Islands$$),
($$Iceland$$),
($$Zambia$$),
($$Senegal$$),
($$Papua New Guinea$$),
($$Sao Tome & Principe$$),
($$Germany$$),
($$Vanuatu$$),
($$Denmark$$),
($$Saint Vincent & Grenadines$$),
($$Kazakhstan$$),
($$Poland$$),
($$Eritrea$$),
($$Kyrgyzstan$$),
($$Palestinian Territory$$),
($$British Indian Ocean Territory$$),
($$Montserrat$$),
($$Mexico$$),
($$Macedonia$$),
($$Timor Leste$$),
($$North Korea$$),
($$Sri Lanka$$),
($$Latvia$$),
($$Guyana$$),
($$Syria$$),
($$Guadeloupe$$),
($$Burma$$),
($$Honduras$$),
($$Bouvet Island$$),
($$Egypt$$),
($$Nicaragua$$),
($$Singapore$$),
($$Serbia$$),
($$Botswana$$),
($$United Kingdom$$),
($$Antarctica$$),
($$Christmas Island$$),
($$Netherlands Antilles$$),
($$Greece$$),
($$Paraguay$$),
($$French Guiana$$),
($$Comoros$$),
($$US Minor Outlying Islands$$);

insert into amazon_home.valid_minimum_item_width_unit_of_measure values
($$FT$$),
($$CM$$),
($$MM$$),
($$M$$),
($$IN$$);

insert into amazon_home.valid_compatible_devices values
($$helmet$$),
($$eyewear$$);

insert into amazon_home.valid_relationship_type values
($$Variation$$);

insert into amazon_home.valid_light_source_operating_life_unit_of_measure values
($$Hours$$),
($$sec$$),
($$min$$);

insert into amazon_home.valid_included_features values
($$Dry$$),
($$Canned$$),
($$Biodegradable$$),
($$Organic$$),
($$Topical Application$$),
($$Grain-Free$$),
($$Heating$$),
($$All-Natural$$),
($$Oral Application$$),
($$Cooling$$),
($$Wheat-Free$$),
($$Reduced Calorie$$),
($$Vegetarian$$);

insert into amazon_home.valid_is_stain_resistant values
($$True$$),
($$False$$);

insert into amazon_home.valid_specific_uses_for_product values
($$Heart$$),
($$Eyes$$),
($$Stomach$$),
($$Weight$$),
($$Coat$$),
($$Hairballs$$),
($$Skin$$),
($$Parasites$$),
($$Behavior$$),
($$Joints$$),
($$Food Allergies$$),
($$Teeth$$);

insert into amazon_home.valid_package_length_unit_of_measure values
($$FT$$),
($$CM$$),
($$MM$$),
($$M$$),
($$IN$$);

insert into amazon_home.valid_style_name values
($$Tableware$$),
($$Fine$$),
($$Casual$$);

insert into amazon_home.valid_product_tax_code values
($$A_GEN_NOTAX$$);

insert into amazon_home.valid_maximum_height_recommendation_unit_of_measure values
($$FT$$),
($$CM$$),
($$MM$$),
($$M$$),
($$IN$$);

insert into amazon_home.valid_age_range_description values
($$Baby$$),
($$Mature Adult$$),
($$Adult$$),
($$Young$$);

insert into amazon_home.valid_item_weight_unit_of_measure values
($$LB$$),
($$KG$$),
($$GR$$),
($$OZ$$);

insert into amazon_home.valid_seat_height_unit_of_measure values
($$FT$$),
($$CM$$),
($$MM$$),
($$M$$),
($$IN$$);

insert into amazon_home.valid_efficiency values
($$A$$),
($$C$$),
($$B$$),
($$E$$),
($$D$$),
($$G$$),
($$F$$);

insert into amazon_home.valid_output_capacity_unit_of_measure values
($$gallons_per_day$$),
($$liters_per_day$$);

insert into amazon_home.valid_item_volume_unit_of_measure values
($$liter$$),
($$cup$$),
($$quart$$),
($$ounce$$),
($$gallon$$),
($$pint$$);

insert into amazon_home.valid_item_length_unit_of_measure values
($$FT$$),
($$CM$$),
($$MM$$),
($$M$$),
($$IN$$);

insert into amazon_home.valid_specification_met values
($$Frustration-Free Packaging$$);

insert into amazon_home.valid_external_product_id_type values
($$GCID$$),
($$GTIN$$),
($$UPC$$),
($$EAN$$);

insert into amazon_home.valid_sunlight_exposure values
($$full-sun$$),
($$partial-shade$$),
($$shade$$),
($$partial-sun$$);

insert into amazon_home.valid_included_components values
($$Lid$$),
($$Includes 1 leaf$$),
($$Includes 2 leaves$$),
($$Shade included$$),
($$Fan Blade included$$),
($$Batteries included$$),
($$Tables$$),
($$Stainless Steel Bowl$$),
($$Dough Hook$$),
($$Flat Beater$$),
($$Wire Whip$$),
($$Includes 4 leaves$$),
($$Cups, Mugs & Saucers$$),
($$Glass Bowl$$),
($$Pouring Shield$$),
($$Light kit inlcuded$$),
($$Mixers$$),
($$Includes 3 leaves$$),
($$Bulb included$$),
($$Saucer$$);

insert into amazon_home.valid_related_product_id_type values
($$GCID$$),
($$ASIN$$),
($$EAN$$),
($$UPC$$),
($$GTIN$$);

insert into amazon_home.valid_cpsia_cautionary_statement values
($$no_warning_applicable$$),
($$choking_hazard_contains_a_marble$$),
($$contains_small_magnets$$),
($$choking_hazard_is_a_marble$$),
($$choking_hazard_balloon$$),
($$choking_hazard_small_parts$$),
($$choking_hazard_contains_small_ball$$),
($$choking_hazard_is_a_small_ball$$);

insert into amazon_home.valid_thermal_performance_description values
($$Light weight$$),
($$Medium weight$$),
($$Heavy weight$$);

insert into amazon_home.valid_item_thickness_unit_of_measure values
($$FT$$),
($$CM$$),
($$MM$$),
($$M$$),
($$IN$$);

insert into amazon_home.valid_country_of_origin values
($$Canada$$),
($$Guinea-Bissau$$),
($$Saint Helena$$),
($$Unknown$$),
($$Lithuania$$),
($$Cambodia$$),
($$Switzerland$$),
($$Ethiopia$$),
($$Aruba$$),
($$Swaziland$$),
($$Argentina$$),
($$Bolivia$$),
($$Cameroon$$),
($$Burkina Faso$$),
($$Turkmenistan$$),
($$Ghana$$),
($$Saudi Arabia$$),
($$Togo$$),
($$Japan$$),
($$Cape Verde$$),
($$Cocos (Keeling) Islands$$),
($$Slovenia$$),
($$Guatemala$$),
($$Bosnia and Herzegovina$$),
($$Kuwait$$),
($$Burma (Myanmar)$$),
($$Jordan$$),
($$Dominica$$),
($$Liberia$$),
($$Maldives$$),
($$Jamaica$$),
($$Oman$$),
($$Tanzania$$),
($$Martinique$$),
($$Saint Kitts And Nevis$$),
($$Ivory Coast$$),
($$Albania$$),
($$Gabon$$),
($$Niue$$),
($$Monaco$$),
($$Wallis and Futuna$$),
($$New Zealand$$),
($$Yemen$$),
($$Jersey$$),
($$Andorra$$),
($$Greenland$$),
($$Samoa$$),
($$Macau$$),
($$S. Georgia and S. Sandwich Isls.$$),
($$Norfolk Island$$),
($$United Arab Emirates$$),
($$Guam$$),
($$India$$),
($$Azerbaijan$$),
($$Lesotho$$),
($$Saint Vincent And The Grenadines$$),
($$Kenya$$),
($$South Korea$$),
($$Tajikistan$$),
($$Turkey$$),
($$Afghanistan$$),
($$Bangladesh$$),
($$Mauritania$$),
($$Solomon Islands$$),
($$Saint Lucia$$),
($$Hungary$$),
($$San Marino$$),
($$French Polynesia$$),
($$France$$),
($$Bermuda$$),
($$Slovakia$$),
($$Somalia$$),
($$Peru$$),
($$Laos$$),
($$Nauru$$),
($$Seychelles$$),
($$Norway$$),
($$Malawi$$),
($$Cook Islands$$),
($$Benin$$),
($$Western Sahara$$),
($$Cuba$$),
($$Republic of the Congo$$),
($$Mayotte$$),
($$China$$),
($$Armenia$$),
($$Dominican Republic$$),
($$Mongolia$$),
($$Ukraine$$),
($$Bahrain$$),
($$Tonga$$),
($$Finland$$),
($$Libya$$),
($$New Caledonia$$),
($$Cayman Islands$$),
($$Central African Republic$$),
($$Heard and McDonald Islands$$),
($$Mauritius$$),
($$Liechtenstein$$),
($$Australia$$),
($$Antigua And Barbuda$$),
($$Mali$$),
($$Russia$$),
($$Bulgaria$$),
($$United States$$),
($$Romania$$),
($$Angola$$),
($$French Southern Territories$$),
($$Chad$$),
($$South Africa$$),
($$Tokelau$$),
($$Cyprus$$),
($$Sweden$$),
($$Qatar$$),
($$Malaysia$$),
($$Austria$$),
($$Vietnam$$),
($$Mozambique$$),
($$Uganda$$),
($$Canary Islands$$),
($$British Virgin Islands$$),
($$Niger$$),
($$Isle of Man$$),
($$Brazil$$),
($$Turks And Caicos Islands$$),
($$Falkland Islands$$),
($$Faroe Islands$$),
($$Guinea$$),
($$Panama$$),
($$Costa Rica$$),
($$Luxembourg$$),
($$American Samoa$$),
($$Bahamas$$),
($$Gibraltar$$),
($$Ireland$$),
($$Pakistan$$),
($$Palau$$),
($$Nigeria$$),
($$Ecuador$$),
($$Czech Republic$$),
($$US Virgin Islands$$),
($$Brunei$$),
($$Belarus$$),
($$Iran$$),
($$Algeria$$),
($$Svalbard$$),
($$El Salvador$$),
($$Tuvalu$$),
($$Zaire$$),
($$Pitcairn Islands$$),
($$Saint Pierre and Miquelon$$),
($$Marshall Islands$$),
($$Chile$$),
($$Puerto Rico$$),
($$Belgium$$),
($$Kiribati$$),
($$Haiti$$),
($$Belize$$),
($$Hong Kong$$),
($$Sierra Leone$$),
($$Georgia$$),
($$Gambia$$),
($$Philippines$$),
($$Sao Tome And Principe$$),
($$Moldova$$),
($$Holy See (Vatican City)$$),
($$Croatia$$),
($$Micronesia$$),
($$Guernsey$$),
($$Thailand$$),
($$Namibia$$),
($$Grenada$$),
($$Iraq$$),
($$Portugal$$),
($$Estonia$$),
($$Uruguay$$),
($$Equatorial Guinea$$),
($$Lebanon$$),
($$Uzbekistan$$),
($$Tunisia$$),
($$Djibouti$$),
($$Rwanda$$),
($$Timor-Leste$$),
($$Spain$$),
($$Colombia$$),
($$Reunion$$),
($$Burundi$$),
($$Taiwan$$),
($$Fiji$$),
($$Barbados$$),
($$Madagascar$$),
($$Italy$$),
($$Bhutan$$),
($$Sudan$$),
($$Nepal$$),
($$Malta$$),
($$Democratic Republic of the Congo$$),
($$Netherlands$$),
($$Northern Mariana Islands$$),
($$Suriname$$),
($$Anguilla$$),
($$Venezuela$$),
($$Netherlands Antilles$$),
($$Aland Islands$$),
($$Israel$$),
($$Indonesia$$),
($$Iceland$$),
($$Zambia$$),
($$Senegal$$),
($$Papua New Guinea$$),
($$Zimbabwe$$),
($$Germany$$),
($$Vanuatu$$),
($$Denmark$$),
($$Saint-Martin$$),
($$Kazakhstan$$),
($$Poland$$),
($$Eritrea$$),
($$Kyrgyzstan$$),
($$Palestinian Territory$$),
($$British Indian Ocean Territory$$),
($$Montserrat$$),
($$Mexico$$),
($$Macedonia$$),
($$North Korea$$),
($$Sri Lanka$$),
($$Latvia$$),
($$Guyana$$),
($$Syria$$),
($$Guadeloupe$$),
($$Morocco$$),
($$Honduras$$),
($$Bouvet Island$$),
($$Egypt$$),
($$Nicaragua$$),
($$Singapore$$),
($$Serbia$$),
($$Botswana$$),
($$United Kingdom$$),
($$Trinidad And Tobago$$),
($$Antarctica$$),
($$Christmas Island$$),
($$Greece$$),
($$Paraguay$$),
($$French Guiana$$),
($$Comoros$$),
($$US Minor Outlying Islands$$);

insert into amazon_home.valid_closure_type values
($$Button-Fly$$),
($$Pull On$$);

insert into amazon_home.valid_brightness_unit_of_measure values
($$lumens$$);

insert into amazon_home.valid_color_map values
($$Blue$$),
($$Brown$$),
($$Ivory$$),
($$Gold$$),
($$Purple$$),
($$Clear$$),
($$Multi$$),
($$Grey$$),
($$Yellow$$),
($$Black$$),
($$Beige$$),
($$Pink$$),
($$Orange$$),
($$Green$$),
($$White$$),
($$Silver$$),
($$Red$$);

insert into amazon_home.valid_expected_plant_spread_unit_of_measure values
($$FT$$),
($$CM$$),
($$MM$$),
($$M$$),
($$IN$$);

insert into amazon_home.valid_weight_recommendation_unit_of_measure values
($$LB$$),
($$KG$$),
($$GR$$),
($$OZ$$);

insert into amazon_home.valid_care_instructions values
($$Hand Washable$$),
($$Dishwasher Safe$$),
($$Fragile$$),
($$Keep away from Children$$),
($$Keep Indoors$$),
($$Keep in a Dry Place$$),
($$Machine Washable$$),
($$Do not Wash$$),
($$Lubricate Regularly$$),
($$Dry Clean Only$$),
($$Clean after Use$$);

insert into amazon_home.valid_are_batteries_included values
($$True$$),
($$False$$);

insert into amazon_home.valid_item_shape values
($$Cordial$$),
($$Goblet$$),
($$Anjou$$),
($$Dessert$$),
($$Flute$$),
($$Burgundy$$),
($$Chablis$$),
($$Tumblers$$),
($$Alsace$$),
($$Sherry$$),
($$Bordeaux$$),
($$Coupe$$),
($$Port$$);

insert into amazon_home.valid_target_audience_base values
($$Horse$$),
($$Wild Life$$),
($$Dog$$),
($$Fish and Aquatic$$),
($$Reptile$$),
($$Insect$$),
($$Small Animals$$),
($$Amphibian$$),
($$Farm Animal$$),
($$Cat$$),
($$Bird$$);

insert into amazon_home.valid_item_diameter_unit_of_measure values
($$FT$$),
($$CM$$),
($$MM$$),
($$M$$),
($$IN$$);

insert into amazon_home.valid_prop_65 values
($$True$$),
($$False$$);

insert into amazon_home.valid_specific_uses_keywords values
($$Indoor$$),
($$Skin and Coat$$),
($$Joints and Bone$$),
($$Urinary Tract Infection$$),
($$For Plant Aquariums$$),
($$Travel$$),
($$Dental Care$$),
($$Anti-Fungal$$),
($$Growth and Performance$$),
($$Kidney problems$$),
($$Germs and Viruses$$),
($$Heart and Blood Pressure$$),
($$Anti-Anxiety and Behaviour Management$$),
($$First Aid and Antibiotics$$),
($$Suitable for Salt Water$$),
($$Agility Training$$),
($$Interactive Play$$),
($$Homeopathic Remedies$$),
($$Behavioural Training$$),
($$Fleas, Mites and Ticks$$),
($$Aggression Training$$),
($$Dry Use$$),
($$Vitamin C deficit$$),
($$Daily Use$$),
($$Mental Exercise$$),
($$Respiratory$$),
($$Toilet Training$$),
($$Use with Water$$),
($$Suitable for Young pets$$),
($$Diarrhea$$),
($$Allergy Care$$),
($$Independent Play$$),
($$Molting$$),
($$Weight Loss$$),
($$Pain and Arthritis$$),
($$Scratching$$),
($$Sports and Training$$),
($$Stomach and Digestion$$),
($$Eye And Ear$$),
($$Chewing & Dental$$),
($$Exercising and Weight Management$$),
($$Vitamin and Supplements$$),
($$Outdoor$$),
($$Tooth Problems$$),
($$Skin and Coat Problems$$),
($$For Reef Aquariums$$),
($$Hairballs$$),
($$Special Occasions$$),
($$Kidney problems)$$),
($$Suitable for Fresh Water$$),
($$Fungal Infection$$),
($$Suitable for Adult pets$$),
($$Biting and Chewing Training$$),
($$Jumping and Digging Training$$),
($$Diabetes$$),
($$Anti-Bacterial$$);

insert into amazon_home.valid_fulfillment_center_id values
($$DEFAULT$$),
($$AMAZON_NA$$);

insert into amazon_home.valid_circumference_unit_of_measure values
($$FT$$),
($$CM$$),
($$MM$$),
($$M$$),
($$IN$$);

insert into amazon_home.valid_lithium_battery_packaging values
($$batteries_contained_in_equipment$$),
($$batteries_only$$),
($$batteries_packed_with_equipment$$);

insert into amazon_home.valid_light_source_type values
($$LED$$),
($$Incandescent$$);

insert into amazon_home.valid_material_type values
($$Platinum$$),
($$Synthetic$$),
($$Olive Wood$$),
($$Fabric$$),
($$Chrome$$),
($$Cherrywood$$),
($$18/10 Steel$$),
($$Oak$$),
($$Leaded Crystal$$),
($$Pine$$),
($$Plastic$$),
($$Rubber$$),
($$Tin$$),
($$Other$$),
($$Stoneware$$),
($$Stone$$),
($$Porcelain Bone China$$),
($$Acrylic$$),
($$Non-Leaded Crystal$$),
($$Teak$$),
($$Stainless Steel$$),
($$Melamine$$),
($$Solid Gold$$),
($$Nickel$$),
($$Chromium Steel$$),
($$Silicone$$),
($$Porcelain$$),
($$Cork$$),
($$Glass$$),
($$Polycarbonate$$),
($$Cedar$$),
($$Birch$$),
($$Carbon$$),
($$Brass$$),
($$Walnut$$),
($$Silver$$),
($$Bronze$$),
($$Rattan & Wicker$$),
($$Steel$$),
($$Polyester$$),
($$Recylced$$),
($$Zinc$$),
($$Aluminum$$),
($$Nonstick$$),
($$Leather$$),
($$Pewter$$),
($$Beechwood$$),
($$Polyresin$$),
($$Polycast$$),
($$Bone China$$),
($$Terracotta$$),
($$Paraffin$$),
($$Iron$$),
($$Clay$$),
($$18/8 Steel$$),
($$Bamboo$$),
($$Nylon$$),
($$Marble$$),
($$Neoprene$$),
($$Wax$$),
($$Copper$$),
($$Tritan$$),
($$Gilded Gold$$),
($$Crystal$$),
($$Cast Iron$$),
($$Multi-Ply$$),
($$Mahogany$$),
($$Ceramic$$),
($$Acrylic Coated Cotton$$),
($$Hardwood$$),
($$Paper$$),
($$Hard-Anodized Aluminum$$),
($$Silver-Plated$$),
($$Rosewood$$),
($$Elmwood$$),
($$Earthenware$$),
($$Maple$$),
($$Cotton$$);

insert into amazon_home.valid_currency values
($$USD$$);

insert into amazon_home.valid_moisture_needs values
($$little-to-no-watering$$),
($$regular-watering$$),
($$constant-watering$$),
($$moderate-watering$$);

insert into amazon_home.valid_target_audience_keywords values
($$seniors$$),
($$adults$$),
($$baby-boys$$),
($$unisex-children$$),
($$children$$),
($$unisex-teen$$),
($$toddler-girls$$),
($$girls$$),
($$babies$$),
($$teens$$),
($$baby-girls$$),
($$teen-girls$$),
($$men$$),
($$teen-boys$$),
($$toddlers$$),
($$boys$$),
($$unisex-baby$$),
($$women$$),
($$unisex-adult$$),
($$toddler-boys$$),
($$unisex-toddler$$);

insert into amazon_home.valid_batteries_required values
($$True$$),
($$False$$);

insert into amazon_home.valid_neck_size_unit_of_measure values
($$MM$$),
($$FT$$),
($$CM$$),
($$IN$$);

insert into amazon_home.valid_allergen_information values
($$shellfish_free$$),
($$dairy_free$$),
($$gluten$$),
($$fish_free$$),
($$peanut_free$$),
($$eggs$$),
($$shellfish$$),
($$tree_nut_free$$),
($$celery$$),
($$soy_free$$),
($$tree_nuts$$),
($$gluten_free$$),
($$dairy$$),
($$barley$$),
($$peanuts$$),
($$soy$$),
($$egg_free$$),
($$fish$$),
($$sesame_seeds$$);

insert into amazon_home.valid_engine_type values
($$4-Stroke$$),
($$2-Stroke$$);

insert into amazon_home.valid_blade_edge_type values
($$Tapered$$),
($$Serrated$$),
($$Straight Edged$$),
($$Clip Point$$),
($$Scalloped$$);

insert into amazon_home.valid_update_delete values
($$Update$$),
($$PartialUpdate$$),
($$Delete$$);

insert into amazon_home.valid_material_composition values
($$Canvas$$),
($$Willow$$),
($$Fabric$$),
($$Elm$$),
($$Chrome$$),
($$Cherry$$),
($$Oak$$),
($$Pine$$),
($$Plastic$$),
($$Rubber$$),
($$Tin$$),
($$Wood$$),
($$Plush$$),
($$Nickel$$),
($$Stainless Steel$$),
($$Glass$$),
($$Cedar$$),
($$Vinyl$$),
($$Birch$$),
($$Beech$$),
($$Brass$$),
($$Silver$$),
($$Bronze$$),
($$Steel$$),
($$Stone$$),
($$Aluminum$$),
($$Leather$$),
($$Metal$$),
($$Teak$$),
($$Suede$$),
($$Pewter$$),
($$Rattan & Wicker$$),
($$Bamboo$$),
($$Walnut$$),
($$Copper$$),
($$Recycled Material$$),
($$Cast Iron$$),
($$Mahogany$$),
($$Hardwood$$),
($$Rosewood$$),
($$Maple$$),
($$Cotton$$);

insert into amazon_home.valid_external_testing_certification values
($$FSC$$),
($$Carbon Trust$$),
($$EU Ecolabel$$),
($$Cruelty Free (Leaping Bunny Logo)$$),
($$Global Organic Textile Standard$$),
($$Marine Stewardship Council (MSC)$$),
($$TCO$$),
($$The Rainforest Alliance$$),
($$Energy Star$$),
($$Mobius loop$$),
($$Energy Saving Trust Recommended$$),
($$PEFC$$),
($$Fairtrade$$);

insert into amazon_home.valid_feed_product_type values
($$Art$$),
($$OutdoorLiving$$),
($$FurnitureAndDecor$$),
($$BedAndBath$$),
($$SeedsAndPlants$$),
($$Home$$),
($$Kitchen$$);

insert into amazon_home.valid_pattern_name values
($$Greenery$$),
($$Gold Border$$),
($$Lace$$),
($$Classic$$),
($$Fluted$$),
($$Ornament$$),
($$Abstract$$),
($$Modern$$),
($$Banded$$),
($$Platinum Border$$),
($$Polka Dot$$),
($$Solid$$),
($$Plaid$$),
($$Shells$$),
($$Stripe$$),
($$Floral$$);

insert into amazon_home.valid_offering_can_be_gift_messaged values
($$True$$),
($$False$$);

insert into amazon_home.valid_is_discontinued_by_manufacturer values
($$True$$),
($$False$$);

insert into amazon_home.valid_finish_type values
($$Sealed$$),
($$Enamel$$),
($$Brushed$$),
($$Stainless Steel$$),
($$Ceramic$$),
($$Mirror Satin$$),
($$Clear Cut$$),
($$Accent Pewter$$),
($$Hand Painted$$),
($$Non-stick$$);

insert into amazon_home.valid_offering_can_be_giftwrapped values
($$True$$),
($$False$$);

insert into amazon_home.valid_power_source_type values
($$Hand-Powered$$),
($$Wind-Powered$$),
($$Gasoline-Powered$$),
($$Hydraulic-Powered$$),
($$Wood$$),
($$Propane-Powered$$),
($$Natural-Gas Powered$$),
($$Charcoal$$),
($$Electric$$),
($$Propane$$),
($$Natural Gas$$),
($$Dual Fuel$$),
($$Corded-Electric$$),
($$Air-Powered$$),
($$Manual$$),
($$Wood Pellet$$),
($$Powertools$$),
($$Diesel-Powered$$),
($$Grilling$$),
($$Battery-Powered$$),
($$Solar-Powered$$);

insert into amazon_home.valid_size_name values
($$3 Ounce$$),
($$39 Bottles$$),
($$37 Bottles$$),
($$15 Ounce$$),
($$31 Quart$$),
($$5 Cup$$),
($$21 Bottles$$),
($$16.5 Quart$$),
($$64 Ounce$$),
($$17 Quart$$),
($$14 IN$$),
($$22.5 IN$$),
($$33 Ounce$$),
($$38 Bottles$$),
($$15 Cup$$),
($$32 Cup$$),
($$27 IN$$),
($$58 Ounce$$),
($$20 Ounce$$),
($$59 Bottles$$),
($$16.5 IN$$),
($$29 Ounce$$),
($$54 Bottles$$),
($$19 Bottles$$),
($$27.5 Quart$$),
($$25 Quart$$),
($$2 LB$$),
($$47 Ounce$$),
($$29 Bottles$$),
($$25 Ounce$$),
($$11 IN$$),
($$36.5 Quart$$),
($$6.5 Quart$$),
($$16 Ounce$$),
($$36 Ounce$$),
($$72 Bottles$$),
($$94 Ounce$$),
($$20 IN$$),
($$24.5 IN$$),
($$58 Bottles$$),
($$5 Bottles$$),
($$23 Ounce$$),
($$18.5 Quart$$),
($$27 Quart$$),
($$96 Bottles$$),
($$9 IN$$),
($$29.5 IN$$),
($$38 Ounce$$),
($$18 Quart$$),
($$30 IN$$),
($$69 Bottles$$),
($$5 IN$$),
($$65 Ounce$$),
($$40 Quart$$),
($$4 LB$$),
($$22 Ounce$$),
($$9 Quart$$),
($$51 Ounce$$),
($$7 Quart$$),
($$50 Bottles$$),
($$19 Quart$$),
($$79 Ounce$$),
($$3.5 IN$$),
($$24 Cup$$),
($$49 Bottles$$),
($$65 Bottles$$),
($$23 Quart$$),
($$4 Cup$$),
($$79 Bottles$$),
($$7 IN$$),
($$69 Ounce$$),
($$33.5 Quart$$),
($$19 IN$$),
($$3 LB$$),
($$55 Ounce$$),
($$7 Bottles$$),
($$27 Ounce$$),
($$4.5 LB$$),
($$26 Cup$$),
($$68 Ounce$$),
($$2.5 Quart$$),
($$8.5 Quart$$),
($$91 Bottles$$),
($$43 Ounce$$),
($$27.5 IN$$),
($$8 Ounce$$),
($$62 Ounce$$),
($$17.5 IN$$),
($$31 Ounce$$),
($$25 IN$$),
($$31 Bottles$$),
($$19.5 IN$$),
($$78 Ounce$$),
($$4.5 Quart$$),
($$71 Ounce$$),
($$3 Quart$$),
($$50 Ounce$$),
($$9 Ounce$$),
($$15.5 Quart$$),
($$14.5 Quart$$),
($$30 Bottles$$),
($$2 Bottles$$),
($$35 Bottles$$),
($$10 Cup$$),
($$2 Ounce$$),
($$0.5 LB$$),
($$12.5 Quart$$),
($$5.5 Quart$$),
($$3 Cup$$),
($$49 Ounce$$),
($$0.5 Quart$$),
($$18 IN$$),
($$30 Cup$$),
($$32 Quart$$),
($$28 Ounce$$),
($$13 Bottles$$),
($$14 Quart$$),
($$28.5 IN$$),
($$1 Cup$$),
($$99 Bottles$$),
($$30.5 Quart$$),
($$48 Ounce$$),
($$14 Cup$$),
($$2 Cup$$),
($$12 Bottles$$),
($$25.5 Quart$$),
($$18 Cup$$),
($$17 IN$$),
($$33 Quart$$),
($$5 LB$$),
($$37.5 Quart$$),
($$86 Ounce$$),
($$97 Ounce$$),
($$60 Ounce$$),
($$22 Quart$$),
($$1 Quart$$),
($$21 Cup$$),
($$32 Bottles$$),
($$67 Bottles$$),
($$7 Cup$$),
($$12 IN$$),
($$19 Cup$$),
($$98 Bottles$$),
($$59 Ounce$$),
($$17.5 Quart$$),
($$14 Bottles$$),
($$95 Bottles$$),
($$83 Ounce$$),
($$34.5 Quart$$),
($$23 IN$$),
($$8 Quart$$),
($$77 Ounce$$),
($$5.5 IN$$),
($$44 Ounce$$),
($$13 Quart$$),
($$25 Bottles$$),
($$82 Ounce$$),
($$33 Cup$$),
($$35 Ounce$$),
($$42 Bottles$$),
($$24.5 Quart$$),
($$13 Ounce$$),
($$73 Ounce$$),
($$88 Ounce$$),
($$78 Bottles$$),
($$13.5 IN$$),
($$57 Ounce$$),
($$55 Bottles$$),
($$48 Bottles$$),
($$96 Ounce$$),
($$40 Ounce$$),
($$15 Quart$$),
($$26 IN$$),
($$10.5 IN$$),
($$82 Bottles$$),
($$66 Bottles$$),
($$28.5 Quart$$),
($$6.5 IN$$),
($$29 IN$$),
($$6 Ounce$$),
($$16 Bottles$$),
($$3.5 Quart$$),
($$85 Bottles$$),
($$39.5 Quart$$),
($$6 Bottles$$),
($$17 Cup$$),
($$26 Bottles$$),
($$24 Bottles$$),
($$18 Ounce$$),
($$36 Bottles$$),
($$88 Bottles$$),
($$60 Bottles$$),
($$11 Ounce$$),
($$41 Bottles$$),
($$23 Bottles$$),
($$35 Quart$$),
($$17 Ounce$$),
($$34 Cup$$),
($$8 IN$$),
($$27 Bottles$$),
($$1.5 LB$$),
($$42 Ounce$$),
($$89 Bottles$$),
($$11.5 Quart$$),
($$24 Ounce$$),
($$7.5 Quart$$),
($$19.5 Quart$$),
($$11 Cup$$),
($$95 Ounce$$),
($$70 Bottles$$),
($$61 Bottles$$),
($$93 Bottles$$),
($$22.5 Quart$$),
($$90 Ounce$$),
($$76 Ounce$$),
($$39 Quart$$),
($$46 Ounce$$),
($$15 IN$$),
($$26 Quart$$),
($$10.5 Quart$$),
($$5 Ounce$$),
($$13 Cup$$),
($$20 Cup$$),
($$11 Bottles$$),
($$21 Ounce$$),
($$4 Quart$$),
($$20 Bottles$$),
($$2 Quart$$),
($$9 Bottles$$),
($$99 Ounce$$),
($$67 Ounce$$),
($$26.5 IN$$),
($$41 Ounce$$),
($$10 IN$$),
($$17 Bottles$$),
($$53 Ounce$$),
($$9 Cup$$),
($$71 Bottles$$),
($$39 Ounce$$),
($$5 Quart$$),
($$4 IN$$),
($$28 Quart$$),
($$16 Cup$$),
($$92 Ounce$$),
($$77 Bottles$$),
($$52 Bottles$$),
($$8.5$$),
($$38 Quart$$),
($$3 Bottles$$),
($$47 Bottles$$),
($$10 Quart$$),
($$23 Cup$$),
($$14 Ounce$$),
($$1 Bottle$$),
($$32 Ounce$$),
($$15 Bottles$$),
($$10 Ounce$$),
($$29.5 Quart$$),
($$87 Bottles$$),
($$30 Quart$$),
($$6 IN$$),
($$21 IN$$),
($$20.5 Quart$$),
($$18 Bottles$$),
($$34 Ounce$$),
($$40 Bottles$$),
($$76 Bottles$$),
($$51 Bottles$$),
($$81 Ounce$$),
($$11 Quart$$),
($$94 Bottles$$),
($$73 Bottles$$),
($$11.5$$),
($$28 IN$$),
($$30 Ounce$$),
($$12 Cup$$),
($$18.5 IN$$),
($$81 Bottles$$),
($$20.5 IN$$),
($$63 Ounce$$),
($$28 Bottles$$),
($$25.5 IN$$),
($$34 Quart$$),
($$24 IN$$),
($$86 Bottles$$),
($$98 Ounce$$),
($$70 Ounce$$),
($$28 Cup$$),
($$4 Bottles$$),
($$27 Cup$$),
($$33 Bottles$$),
($$22 Bottles$$),
($$80 Ounce$$),
($$12 Quart$$),
($$21.5 IN$$),
($$43 Bottles$$),
($$68 Bottles$$),
($$9.5 IN$$),
($$61 Ounce$$),
($$4 Ounce$$),
($$72 Ounce$$),
($$13.5 Quart$$),
($$16 Quart$$),
($$74 Ounce$$),
($$37 Quart$$),
($$31 Cup$$),
($$62 Bottles$$),
($$23.5 Quart$$),
($$32.5 Quart$$),
($$64 Bottles$$),
($$26.5 Quart$$),
($$4.5 IN$$),
($$25 Cup$$),
($$91 Ounce$$),
($$100 Bottles$$),
($$83 Bottles$$),
($$15.5 IN$$),
($$63 Bottles$$),
($$84 Ounce$$),
($$31.5 Quart$$),
($$35 Cup$$),
($$23.5 IN$$),
($$19 Ounce$$),
($$66 Ounce$$),
($$90 Bottles$$),
($$74 Bottles$$),
($$84 Bottles$$),
($$21 Quart$$),
($$20 Quart$$),
($$54 Ounce$$),
($$24 Quart$$),
($$35.5 Quart$$),
($$16 IN$$),
($$3 IN$$),
($$8 Bottles$$),
($$52 Ounce$$),
($$100 Ounce$$),
($$92 Bottles$$),
($$36 Quart$$),
($$22 IN$$),
($$97 Bottles$$),
($$6 Quart$$),
($$80 Bottles$$),
($$8 Cup$$),
($$6 Cup$$),
($$9.5 Quart$$),
($$1 Ounce$$),
($$75 Ounce$$),
($$56 Ounce$$),
($$44 Bottles$$),
($$46 Bottles$$),
($$22 Cup$$),
($$93 Ounce$$),
($$85 Ounce$$),
($$89 Ounce$$),
($$13 IN$$),
($$45 Bottles$$),
($$87 Ounce$$),
($$1 LB$$),
($$12 Ounce$$),
($$57 Bottles$$),
($$75 Bottles$$),
($$29 Cup$$),
($$26 Ounce$$),
($$34 Bottles$$),
($$12.5 IN$$),
($$3.5 LB$$),
($$21.5 Quart$$),
($$56 Bottles$$),
($$53 Bottles$$),
($$29 Quart$$),
($$37 Ounce$$),
($$38.5 Quart$$),
($$14.5 IN$$),
($$36 Cup$$),
($$7.5 IN$$),
($$7 Ounce$$),
($$45 Ounce$$),
($$1.5 Quart$$),
($$10 Bottles$$),
($$2.5 LB$$);

insert into amazon_home.valid_missing_keyset_reason values
($$NonConsumer$$),
($$Specialized$$),
($$PrivateLabel$$),
($$PreConfigured$$);

insert into amazon_home.valid_package_weight_unit_of_measure values
($$LB$$),
($$KG$$),
($$GR$$),
($$OZ$$);

insert into amazon_home.valid_occasion values
($$Memorial Dday$$),
($$Father's Day$$),
($$Anniversary$$),
($$St. Patricks Day$$),
($$Fourth of July$$),
($$Party$$),
($$Holiday$$),
($$Easter$$),
($$Christmas$$),
($$Housewarming$$),
($$Cocktail$$),
($$Seder$$),
($$Mother's Day$$),
($$Passover$$),
($$Wedding$$),
($$Cinco de Mayo$$),
($$Valentines Day$$),
($$Hanukkah$$),
($$Thanksgiving$$),
($$Graduation$$),
($$Happy Hour$$),
($$New Year's$$),
($$Kwanzaa$$),
($$Secretaries Day$$),
($$Grandparents Day$$),
($$Back to School$$),
($$Halloween$$),
($$Happy Birthday$$);

