insert into amazon_industrial.valid_closure_diameter_unit_of_measure values
('DM'),
('FT'),
('CM'),
('MM'),
('M'),
('yards'),
('IN');

insert into amazon_industrial.valid_package_dimensions_unit_of_measure values
('DM'),
('FT'),
('CM'),
('MM'),
('M'),
('yards'),
('IN');

insert into amazon_industrial.valid_cutting_length_unit_of_measure values
('DM'),
('FT'),
('CM'),
('MM'),
('M'),
('yards'),
('IN');

insert into amazon_industrial.valid_housing_height_unit_of_measure values
('DM'),
('FT'),
('CM'),
('MM'),
('M'),
('yards'),
('IN');

insert into amazon_industrial.valid_website_shipping_weight_unit_of_measure values
('MG'),
('LB'),
('GR'),
('OZ'),
('KG');

insert into amazon_industrial.valid_flange_outside_diameter_unit_of_measure values
('DM'),
('FT'),
('CM'),
('MM'),
('M'),
('micrometer'),
('IN');

insert into amazon_industrial.valid_numeric_viscosity_unit_of_measure values
('DM'),
('FT'),
('CM'),
('MM'),
('M'),
('yards'),
('IN');

insert into amazon_industrial.valid_push_force_unit_of_measure values
('kilograms'),
('newtons'),
('pounds');

insert into amazon_industrial.valid_lead_angle_unit_of_measure values
('degrees');

insert into amazon_industrial.valid_maximum_parallel_misalignment_unit_of_measure values
('inches'),
('micrometer'),
('feet'),
('decimeters'),
('degrees'),
('millimeters'),
('meters'),
('centimeters');

insert into amazon_industrial.valid_leg_length_unit_of_measure values
('DM'),
('FT'),
('CM'),
('MM'),
('M'),
('micrometer'),
('IN');

insert into amazon_industrial.valid_oil_capacity_unit_of_measure values
('cubic-cm'),
('cubic-yd'),
('deciliters'),
('cup'),
('ounce'),
('centiliters'),
('cubic-m'),
('milliliter'),
('quart'),
('liter'),
('cubic-ft'),
('gallon'),
('cubic-in'),
('pint');

insert into amazon_industrial.valid_key_way_width_unit_of_measure values
('DM'),
('FT'),
('CM'),
('MM'),
('M'),
('micrometer'),
('IN');

insert into amazon_industrial.valid_maximum_torque_unit_of_measure values
('kilograms'),
('newtons'),
('pounds');

insert into amazon_industrial.valid_special_features values
('chronograph'),
('calculator'),
('Lap-timer'),
('luminous'),
('dual-Time-display'),
('outdoor-computer'),
('bike-computer'),
('tachometer'),
('stop-watch'),
('back-up-battery'),
('world-time'),
('gps'),
('screw-down-crown'),
('slide-rule'),
('radio-controlled'),
('second-hand'),
('compass'),
('light'),
('timer'),
('shock-resistant'),
('heart-rate-monitor'),
('depth-measurement');

insert into amazon_industrial.valid_wire_diameter_string_unit_of_measure values
('DM'),
('FT'),
('CM'),
('MM'),
('M'),
('micrometer'),
('IN');

insert into amazon_industrial.valid_thread_style values
('Left Hand & Right Hand'),
('Right Hand'),
('Left Hand');

insert into amazon_industrial.valid_slide_travel_distance_unit_of_measure values
('DM'),
('FT'),
('CM'),
('MM'),
('M'),
('micrometer'),
('IN');

insert into amazon_industrial.valid_body_outside_diameter_unit_of_measure values
('DM'),
('FT'),
('CM'),
('MM'),
('M'),
('micrometer'),
('IN');

insert into amazon_industrial.valid_thread_length_unit_of_measure values
('DM'),
('FT'),
('CM'),
('MM'),
('M'),
('yards'),
('IN');

insert into amazon_industrial.valid_arbor_hole_diameter_unit_of_measure values
('DM'),
('FT'),
('CM'),
('MM'),
('M'),
('yards'),
('IN');

insert into amazon_industrial.valid_color_name values
('Blue'),
('Brown'),
('Gold'),
('Copper'),
('Purple'),
('Grey'),
('Yellow'),
('Multicolored'),
('Black'),
('Red'),
('Pink'),
('Orange'),
('Green'),
('White'),
('Silver'),
('Bronze'),
('Cream');

insert into amazon_industrial.valid_inside_dimensions_unit_of_measure values
('DM'),
('FT'),
('CM'),
('MM'),
('M'),
('yards'),
('IN');

insert into amazon_industrial.valid_cutting_diameter_unit_of_measure values
('DM'),
('FT'),
('CM'),
('MM'),
('M'),
('yards'),
('IN');

insert into amazon_industrial.valid_pull_force_unit_of_measure values
('kilograms'),
('newtons'),
('pounds');

insert into amazon_industrial.valid_item_diameter_tolerance_unit_of_measure values
('DM'),
('FT'),
('CM'),
('MM'),
('M'),
('yards'),
('IN');

insert into amazon_industrial.valid_outside_diameter_unit_of_measure values
('DM'),
('FT'),
('CM'),
('MM'),
('M'),
('yards'),
('IN');

insert into amazon_industrial.valid_exterior_finish values
('Unpolished (#2B Mill)'),
('Unpolished (Mill)'),
('Zinc Galvanized'),
('Powder Coating'),
('Brushed (#3 Satin)'),
('Mirror Like (#7)'),
('Reflective'),
('Oil Coating'),
('Wax Coating'),
('Painted'),
('Nickel Coating'),
('Bright'),
('Chrome Coating'),
('PTFE Coating'),
('Anodized Coating'),
('Textured'),
('Mirror Like (#8)'),
('Rubber-Backed'),
('Antimicrobial Coating'),
('Nonglare'),
('Smooth Polished'),
('Plain'),
('Smooth'),
('Pebble Finish'),
('Vinyl Coating'),
('Phosphate Coating'),
('Black Oxide'),
('Brushed (#4 Satin)'),
('Polished'),
('Passivated'),
('Corrosion-Resistant Coating (Clad)'),
('Matte'),
('Rough'),
('Ground'),
('Precision Ground'),
('PVC Coating');

insert into amazon_industrial.valid_outlet_operating_pressure_range_unit_of_measure values
('bars'),
('psi'),
('pascal');

insert into amazon_industrial.valid_item_width_tolerance_unit_of_measure values
('DM'),
('FT'),
('CM'),
('MM'),
('M'),
('yards'),
('IN');

insert into amazon_industrial.valid_flange_thickness_unit_of_measure values
('DM'),
('FT'),
('CM'),
('MM'),
('M'),
('micrometer'),
('IN');

insert into amazon_industrial.valid_maximum_tension_load_unit_of_measure values
('grams'),
('pounds'),
('kilograms'),
('milligrams'),
('newtons'),
('ounces');

insert into amazon_industrial.valid_lower_temperature_rating_unit_of_measure values
('C'),
('F');

insert into amazon_industrial.valid_axial_misalignment_unit_of_measure values
('DM'),
('FT'),
('CM'),
('MM'),
('M'),
('micrometer'),
('IN');

insert into amazon_industrial.valid_port_to_port_distance_unit_of_measure values
('DM'),
('FT'),
('CM'),
('MM'),
('M'),
('yards'),
('IN');

insert into amazon_industrial.valid_output_pressure_unit_of_measure values
('bars'),
('psi'),
('pascal');

insert into amazon_industrial.valid_product_tax_code values
('A_GEN_NOTAX');

insert into amazon_industrial.valid_chamfer_type values
('Plug'),
('Taper'),
('Semi-Bottoming'),
('Modified Bottoming'),
('Bottoming');

insert into amazon_industrial.valid_bore_diameter_unit_of_measure values
('DM'),
('FT'),
('CM'),
('MM'),
('M'),
('yards'),
('IN');

insert into amazon_industrial.valid_prop_65 values
('True'),
('False');

insert into amazon_industrial.valid_tensile_strength_unit_of_measure values
('kilograms'),
('newtons'),
('pounds');

insert into amazon_industrial.valid_key_way_depth_unit_of_measure values
('DM'),
('FT'),
('CM'),
('MM'),
('M'),
('micrometer'),
('IN');

insert into amazon_industrial.valid_item_weight_unit_of_measure values
('MG'),
('LB'),
('GR'),
('OZ'),
('KG');

insert into amazon_industrial.valid_nominal_outside_diameter_unit_of_measure values
('DM'),
('FT'),
('CM'),
('MM'),
('M'),
('yards'),
('IN');

insert into amazon_industrial.valid_head_height_unit_of_measure values
('DM'),
('FT'),
('CM'),
('MM'),
('M'),
('yards'),
('IN');

insert into amazon_industrial.valid_outer_ring_width_unit_of_measure values
('DM'),
('FT'),
('CM'),
('MM'),
('M'),
('micrometer'),
('IN');

insert into amazon_industrial.valid_belt_width_unit_of_measure values
('DM'),
('FT'),
('CM'),
('MM'),
('M'),
('micrometer'),
('IN');

insert into amazon_industrial.valid_tank_operating_pressure_unit_of_measure values
('bars'),
('psi'),
('pascal');

insert into amazon_industrial.valid_fulfillment_center_id values
('DEFAULT'),
('AMAZON_NA');

insert into amazon_industrial.valid_capacity_unit_of_measure values
('liter'),
('deciliters'),
('cup'),
('centiliters'),
('milliliters'),
('ounce'),
('gallon');

insert into amazon_industrial.valid_maximum_pressure_unit_of_measure values
('bars'),
('psi'),
('pascal');

insert into amazon_industrial.valid_item_volume_unit_of_measure values
('cubic-cm'),
('cubic-yd'),
('deciliters'),
('cup'),
('ounce'),
('centiliters'),
('cubic-m'),
('milliliter'),
('quart'),
('liter'),
('cubic-ft'),
('gallon'),
('cubic-in'),
('pint');

insert into amazon_industrial.valid_item_length_unit_of_measure values
('DM'),
('FT'),
('CM'),
('MM'),
('M'),
('yards'),
('IN');

insert into amazon_industrial.valid_external_product_id_type values
('GCID'),
('GTIN'),
('UPC'),
('EAN');

insert into amazon_industrial.valid_maximum_vacuum_pressure_unit_of_measure values
('bars'),
('psi'),
('pascal');

insert into amazon_industrial.valid_compressed_length_unit_of_measure values
('DM'),
('FT'),
('CM'),
('MM'),
('M'),
('micrometer'),
('IN');

insert into amazon_industrial.valid_tubing_size_unit_of_measure values
('DM'),
('FT'),
('CM'),
('MM'),
('M'),
('yards'),
('IN');

insert into amazon_industrial.valid_operating_pressure_range_unit_of_measure values
('bars'),
('psi'),
('pascal');

insert into amazon_industrial.valid_maximum_suction_unit_of_measure values
('cubic-cm'),
('cubic-yd'),
('deciliters'),
('cup'),
('ounce'),
('centiliters'),
('cubic-m'),
('milliliter'),
('quart'),
('liter'),
('cubic-ft'),
('gallon'),
('cubic-in'),
('pint');

insert into amazon_industrial.valid_cpsia_cautionary_statement values
('no_warning_applicable'),
('choking_hazard_contains_a_marble'),
('contains_small_magnets'),
('choking_hazard_is_a_marble'),
('choking_hazard_balloon'),
('choking_hazard_small_parts'),
('choking_hazard_contains_small_ball'),
('choking_hazard_is_a_small_ball');

insert into amazon_industrial.valid_cracking_pressure_unit_of_measure values
('bars'),
('psi'),
('pascal');

insert into amazon_industrial.valid_tolerance_held values
('Undersized'),
('Precision'),
('Oversized'),
('Standard');

insert into amazon_industrial.valid_item_thickness_unit_of_measure values
('DM'),
('FT'),
('CM'),
('MM'),
('M'),
('yards'),
('IN');

insert into amazon_industrial.valid_item_torque_unit_of_measure values
('kilograms'),
('newtons'),
('pounds');

insert into amazon_industrial.valid_wheel_diameter_unit_of_measure values
('DM'),
('FT'),
('CM'),
('MM'),
('M'),
('yards'),
('IN');

insert into amazon_industrial.valid_country_of_origin values
('Canada'),
('Guinea-Bissau'),
('Saint Helena'),
('Unknown'),
('Lithuania'),
('Cambodia'),
('Switzerland'),
('Ethiopia'),
('Aruba'),
('Swaziland'),
('Argentina'),
('Bolivia'),
('Cameroon'),
('Burkina Faso'),
('Turkmenistan'),
('Ghana'),
('Saudi Arabia'),
('Togo'),
('Japan'),
('Cape Verde'),
('Cocos (Keeling) Islands'),
('Slovenia'),
('Guatemala'),
('Bosnia and Herzegovina'),
('Kuwait'),
('Burma (Myanmar)'),
('Jordan'),
('Dominica'),
('Liberia'),
('Maldives'),
('Jamaica'),
('Oman'),
('Tanzania'),
('Martinique'),
('Saint Kitts And Nevis'),
('Ivory Coast'),
('Albania'),
('Gabon'),
('Niue'),
('Monaco'),
('Wallis and Futuna'),
('New Zealand'),
('Yemen'),
('Jersey'),
('Andorra'),
('Greenland'),
('Samoa'),
('Macau'),
('S. Georgia and S. Sandwich Isls.'),
('Norfolk Island'),
('United Arab Emirates'),
('Guam'),
('India'),
('Azerbaijan'),
('Lesotho'),
('Saint Vincent And The Grenadines'),
('Kenya'),
('South Korea'),
('Tajikistan'),
('Turkey'),
('Afghanistan'),
('Bangladesh'),
('Mauritania'),
('Solomon Islands'),
('Saint Lucia'),
('Hungary'),
('San Marino'),
('French Polynesia'),
('France'),
('Bermuda'),
('Slovakia'),
('Somalia'),
('Peru'),
('Laos'),
('Nauru'),
('Seychelles'),
('Norway'),
('Malawi'),
('Cook Islands'),
('Benin'),
('Western Sahara'),
('Cuba'),
('Republic of the Congo'),
('Mayotte'),
('China'),
('Armenia'),
('Dominican Republic'),
('Mongolia'),
('Ukraine'),
('Bahrain'),
('Tonga'),
('Finland'),
('Libya'),
('New Caledonia'),
('Cayman Islands'),
('Central African Republic'),
('Heard and McDonald Islands'),
('Mauritius'),
('Liechtenstein'),
('Australia'),
('Antigua And Barbuda'),
('Mali'),
('Russia'),
('Bulgaria'),
('United States'),
('Romania'),
('Angola'),
('French Southern Territories'),
('Chad'),
('South Africa'),
('Tokelau'),
('Cyprus'),
('Sweden'),
('Qatar'),
('Malaysia'),
('Austria'),
('Vietnam'),
('Mozambique'),
('Uganda'),
('Canary Islands'),
('British Virgin Islands'),
('Niger'),
('Isle of Man'),
('Brazil'),
('Turks And Caicos Islands'),
('Falkland Islands'),
('Faroe Islands'),
('Guinea'),
('Panama'),
('Costa Rica'),
('Luxembourg'),
('American Samoa'),
('Bahamas'),
('Gibraltar'),
('Ireland'),
('Pakistan'),
('Palau'),
('Nigeria'),
('Ecuador'),
('Czech Republic'),
('US Virgin Islands'),
('Brunei'),
('Belarus'),
('Iran'),
('Algeria'),
('Svalbard'),
('El Salvador'),
('Tuvalu'),
('Zaire'),
('Pitcairn Islands'),
('Saint Pierre and Miquelon'),
('Marshall Islands'),
('Chile'),
('Puerto Rico'),
('Belgium'),
('Kiribati'),
('Haiti'),
('Belize'),
('Hong Kong'),
('Sierra Leone'),
('Georgia'),
('Gambia'),
('Philippines'),
('Sao Tome And Principe'),
('Moldova'),
('Holy See (Vatican City)'),
('Croatia'),
('Micronesia'),
('Guernsey'),
('Thailand'),
('Namibia'),
('Grenada'),
('Iraq'),
('Portugal'),
('Estonia'),
('Uruguay'),
('Equatorial Guinea'),
('Lebanon'),
('Uzbekistan'),
('Tunisia'),
('Djibouti'),
('Rwanda'),
('Timor-Leste'),
('Spain'),
('Colombia'),
('Reunion'),
('Burundi'),
('Taiwan'),
('Fiji'),
('Barbados'),
('Madagascar'),
('Italy'),
('Bhutan'),
('Sudan'),
('Nepal'),
('Malta'),
('Democratic Republic of the Congo'),
('Netherlands'),
('Northern Mariana Islands'),
('Suriname'),
('Anguilla'),
('Venezuela'),
('Netherlands Antilles'),
('Aland Islands'),
('Israel'),
('Indonesia'),
('Iceland'),
('Zambia'),
('Senegal'),
('Papua New Guinea'),
('Zimbabwe'),
('Germany'),
('Vanuatu'),
('Denmark'),
('Saint-Martin'),
('Kazakhstan'),
('Poland'),
('Eritrea'),
('Kyrgyzstan'),
('Palestinian Territory'),
('British Indian Ocean Territory'),
('Montserrat'),
('Mexico'),
('Macedonia'),
('North Korea'),
('Sri Lanka'),
('Latvia'),
('Guyana'),
('Syria'),
('Guadeloupe'),
('Morocco'),
('Honduras'),
('Bouvet Island'),
('Egypt'),
('Nicaragua'),
('Singapore'),
('Serbia'),
('Botswana'),
('United Kingdom'),
('Trinidad And Tobago'),
('Antarctica'),
('Christmas Island'),
('Greece'),
('Paraguay'),
('French Guiana'),
('Comoros'),
('US Minor Outlying Islands');

insert into amazon_industrial.valid_deflection_angle_unit_of_measure values
('degrees');

insert into amazon_industrial.valid_measurement_system values
('Inch'),
('Metric');

insert into amazon_industrial.valid_nominal_inside_diameter_unit_of_measure values
('DM'),
('FT'),
('CM'),
('MM'),
('M'),
('yards'),
('IN');

insert into amazon_industrial.valid_minimum_flow_rate_unit_of_measure values
('liters per minute'),
('milliliters per second'),
('liters per second'),
('milliliters per minute'),
('centiliters per second');

insert into amazon_industrial.valid_gauge_port_size_unit_of_measure values
('DM'),
('FT'),
('CM'),
('MM'),
('M'),
('yards'),
('IN');

insert into amazon_industrial.valid_pitch_line_to_base_unit_of_measure values
('DM'),
('FT'),
('CM'),
('MM'),
('M'),
('yards'),
('IN');

insert into amazon_industrial.valid_hub_length_unit_of_measure values
('DM'),
('FT'),
('CM'),
('MM'),
('M'),
('yards'),
('IN');

insert into amazon_industrial.valid_spring_wind_direction values
('Right'),
('Left');

insert into amazon_industrial.valid_shank_height_unit_of_measure values
('DM'),
('FT'),
('CM'),
('MM'),
('M'),
('yards'),
('IN');

insert into amazon_industrial.valid_pressure_range_unit_of_measure values
('bars'),
('psi'),
('pascal');

insert into amazon_industrial.valid_load_capacity_unit_of_measure values
('liter'),
('deciliters'),
('cup'),
('centiliters'),
('milliliters'),
('ounce'),
('gallon');

insert into amazon_industrial.valid_maximum_measurement_unit_of_measure values
('DM'),
('FT'),
('CM'),
('MM'),
('M'),
('yards'),
('IN');

insert into amazon_industrial.valid_item_shape values
('square'),
('tonneau'),
('oval'),
('round'),
('rectangle');

insert into amazon_industrial.valid_face_width_unit_of_measure values
('DM'),
('FT'),
('CM'),
('MM'),
('M'),
('yards'),
('IN');

insert into amazon_industrial.valid_maximum_gap_fill_unit_of_measure values
('cubic-cm'),
('cubic-yd'),
('deciliters'),
('cup'),
('ounce'),
('centiliters'),
('cubic-m'),
('milliliter'),
('quart'),
('liter'),
('cubic-ft'),
('gallon'),
('cubic-in'),
('pint');

insert into amazon_industrial.valid_nominal_width_unit_of_measure values
('DM'),
('FT'),
('CM'),
('MM'),
('M'),
('yards'),
('IN');

insert into amazon_industrial.valid_item_diameter_unit_of_measure values
('DM'),
('FT'),
('CM'),
('MM'),
('M'),
('yards'),
('IN');

insert into amazon_industrial.valid_item_height_unit_of_measure values
('DM'),
('FT'),
('CM'),
('MM'),
('M'),
('yards'),
('IN');

insert into amazon_industrial.valid_breaking_strength_unit_of_measure values
('MG'),
('LB'),
('GR'),
('OZ'),
('KG');

insert into amazon_industrial.valid_maximum_spring_compression_load_unit_of_measure values
('grams'),
('pounds'),
('kilograms'),
('milligrams'),
('newtons'),
('ounces');

insert into amazon_industrial.valid_wheel_recess_dimensions_unit_of_measure values
('DM'),
('FT'),
('CM'),
('MM'),
('M'),
('yards'),
('IN');

insert into amazon_industrial.valid_extended_length_unit_of_measure values
('DM'),
('FT'),
('CM'),
('MM'),
('M'),
('yards'),
('IN');

insert into amazon_industrial.valid_rod_length_unit_of_measure_base values
('DM'),
('FT'),
('CM'),
('MM'),
('M'),
('yards'),
('IN');

insert into amazon_industrial.valid_maximum_flow_rate_unit_of_measure values
('liters per minute'),
('milliliters per second'),
('liters per second'),
('milliliters per minute'),
('centiliters per second');

insert into amazon_industrial.valid_wheel_tread_width_unit_of_measure values
('DM'),
('FT'),
('CM'),
('MM'),
('M'),
('yards'),
('IN');

insert into amazon_industrial.valid_cutting_angle_unit_of_measure values
('degrees');

insert into amazon_industrial.valid_bore_diameter_tolerance_unit_of_measure values
('DM'),
('FT'),
('CM'),
('MM'),
('M'),
('yards'),
('IN');

insert into amazon_industrial.valid_material_type values
('stainless_steel_2205_Hi_N'),
('ceramic'),
('cobalt'),
('polyetherimide'),
('torlon_4203'),
('stainless_steel_17-7_PH'),
('nickel_chromium_steel'),
('chromium_steel'),
('absylux'),
('tool_steel_S7'),
('silicon_carbide'),
('polyethylene_fiber'),
('tool_steel_A2'),
('hastelloy'),
('teak'),
('bronze_841'),
('silicon_manganese_steel'),
('stainless_steel_309S'),
('phenolic'),
('titanium_3Al-8V-6Cr-4Mo-4Zr'),
('zinc'),
('copper_101'),
('silicone_rubber'),
('copper_102'),
('nickel_400'),
('aluminum_7068'),
('brass_260'),
('stainless_steel_nitronic_60'),
('stainless_steel_201'),
('stainless_steel_202'),
('stainless_steel_203'),
('stainless_steel_204'),
('stainless_steel_205'),
('cold_rolled_steel_1018'),
('pebax'),
('nickel_silver'),
('high_speed_steel'),
('zirconia'),
('polystyrene'),
('stainless_steel_348'),
('polyacrylate'),
('stainless_steel_347'),
('nylon'),
('aluminum_5052'),
('aluminum_5056'),
('aluminum_5058'),
('mullite'),
('gum_rubber'),
('rosewood'),
('aluminum_2011'),
('aluminum_2017'),
('tool_steel_W1'),
('aluminum_6005'),
('nickel_625'),
('cerro_alloys'),
('stainless_steel_304N'),
('stainless_steel_410'),
('stainless_steel_304L'),
('diamond'),
('stainless_steel_414'),
('stainless_steel_416'),
('stainless_steel_316L'),
('stainless_steel_316N'),
('nickel_chromium_molybdenum_steel'),
('cpvc'),
('glass'),
('aluminum_5020'),
('aluminum_6262'),
('stainless_steel_2507'),
('viton_extreme'),
('brass_270'),
('marble'),
('titanium_grade_23'),
('chlorosulfonated_polyethylene'),
('hydrogenated_nitrile_butadiene_rubber'),
('titanium'),
('stainless_steel_430F'),
('polyurethane'),
('cold_rolled_steel'),
('pine'),
('bronze_655'),
('stainless_steel_309'),
('stainless_steel_308'),
('liquid_silicone_rubber'),
('stainless_steel_301'),
('stainless_steel_303'),
('stainless_steel_302'),
('polyamide_imide'),
('stainless_steel_304'),
('polycarbonate'),
('cadmium'),
('copper_172'),
('bronze_903'),
('polyamide_imide_torlon_4203'),
('carbide_tipped'),
('stainless_steel_317LMN'),
('lexan'),
('aluminum_4032'),
('nickel_molybdenum_steel'),
('titanium_15V-3Cr-3Sn-3Al'),
('willow'),
('walnut'),
('titanium_6Al-6V-2Sn'),
('epdm'),
('titanium_3Al-2.5V'),
('steatite'),
('viton'),
('silver'),
('hot_rolled_steel'),
('kevlar'),
('brass_230'),
('brass_330'),
('inconel'),
('polyetheretherketone'),
('polyimide'),
('mahogany'),
('polysulfone'),
('nitinol'),
('chromium_molybdenum_steel'),
('titanium_grade_4'),
('titanium_grade_5'),
('natural_rubber'),
('titanium_grade_7'),
('titanium_grade_1'),
('titanium_grade_2'),
('titanium_grade_3'),
('bronze_936'),
('bronze_932'),
('galvanized_steel'),
('brass_485'),
('stainless_steel_442'),
('stainless_steel_440'),
('stainless_steel_446'),
('torlon_4301'),
('kalrez'),
('porcelain'),
('wire_wound'),
('polytetrafluoroethylene_fluorosint_500_ptfe'),
('aluminum_7075'),
('ethylene_chlorotrifluoroethlyene_turcite_x_etfe'),
('brass_464'),
('fluorosilicon'),
('neoprene'),
('cold_rolled_steel_1008'),
('Monel'),
('copper'),
('stainless_steel_302HQ'),
('aluminum_5005'),
('bronze_544'),
('aluminum_6082'),
('maple'),
('plastic'),
('iron
cast_iron'),
('rulon_j'),
('brass_360'),
('stainless_steel_430FSe'),
('ethylene_chlorotrifluoroethlyene_turcite_a_etfe'),
('steel'),
('bismuth'),
('aluminum_2007'),
('synthetic_sapphire'),
('carbon_steel'),
('stainless_steel_405'),
('stainless_steel_403'),
('stainless_steel_13-8'),
('fluoropolymer'),
('stainless_steel_409'),
('perfluoralkoxy'),
('tool_steel_D2'),
('stainless_steel_2205'),
('stainless_steel_17-4'),
('stainless_steel_17-7'),
('titanium_8Al-1Mo-1V'),
('perfluoroelastomer'),
('stainless_steel_416Se'),
('molybdenum_steel'),
('stainless_steel_15-5_PH'),
('teflon'),
('stainless_steel_302B'),
('stainless_steel_A286'),
('latex'),
('polyethylene'),
('chromium_molybdenum_steel_4340'),
('aluminum_5086'),
('titanium_5Al-2.5Sn'),
('bronze_863'),
('stainless_steel_305'),
('high_density_polyethylene'),
('polypropylene'),
('gold'),
('stainless_steel_316'),
('stainless_steel_317'),
('stainless_steel_314'),
('stainless_steel_310'),
('titanium_13V-11Cr-3Al'),
('rulon_lr'),
('fiberglass'),
('stainless_steel_18-8'),
('aluminum_5251'),
('wood'),
('aluminum_852.0'),
('wool'),
('ethylene_vinyl_acetate'),
('polyamide_imide_torlon_4301'),
('tetrafluoroethylene_hexafluoropropylene_vinylidene_fluoride'),
('tungsten'),
('bronze_510'),
('aluminum'),
('leather'),
('stainless_steel'),
('stainless_steel_440C'),
('stainless_steel_440B'),
('stainless_steel_440A'),
('carbon_steel_1010'),
('turcite'),
('hardwood'),
('simriz'),
('pvc'),
('petg'),
('antimony'),
('stainless_steel_15-7'),
('stainless_steel_15-5'),
('bronze_630'),
('polyolefin'),
('aluminum_mic_6'),
('carbon'),
('molded_epoxy'),
('bronze'),
('UHMW'),
('nickel_276'),
('stainless_steel_436'),
('stainless_steel_434'),
('stainless_steel_431'),
('stainless_steel_430'),
('copper_122'),
('stainless_steel_330'),
('chromium'),
('platinum'),
('bronze_385'),
('bronze_954'),
('bronze_220'),
('rulon_ar'),
('nickel'),
('stainless_steel_321'),
('stainless_steel_329'),
('synthetic_polymer'),
('hot_rolled_steel_A36'),
('aluminum_3003'),
('ruby'),
('aluminum_1100'),
('alloy_steel'),
('acrylic_latex'),
('copper_145'),
('acrylonitrile_butadiene_styrene'),
('brass_353'),
('thin_film'),
('aluminum_6020'),
('nickel_600'),
('polyvinylidene_fluoride'),
('fluorocarbon'),
('sillimanite'),
('polymethylpentane'),
('foam'),
('stainless_steel_310S'),
('polytetrafluoroethylene'),
('birch'),
('nitrile_rubber'),
('butyl'),
('aluminum_qc_7'),
('pewter'),
('stainless_steel_3RE60'),
('stainless_steel_2304'),
('bronze_316'),
('elm'),
('cherry'),
('chromium_molybdenum_steel_4130'),
('nickel_steel'),
('tool_steel_01'),
('copper_110'),
('cedar'),
('acetal'),
('resin'),
('chloroprene'),
('cold_rolled_steel_1144'),
('chromium_vanadium_steel'),
('aluminum_oxide'),
('stainless_steel_317L'),
('aluminum_6060'),
('aluminum_6061'),
('aluminum_6063'),
('styrene-butadiene_rubber'),
('lead'),
('copper_182'),
('manganese_steel'),
('engineering_thermoplastic_polyurethane'),
('stainless_steel_303Se'),
('fibralon'),
('brass_385'),
('cellulose'),
('carbide'),
('low_density_polyethylene'),
('aluminum_6013'),
('chloroprene_rubber'),
('white_high_impact_styrene'),
('cordierite'),
('stainless_steel_420V'),
('polyethylene_terephthalate'),
('cold_rolled_steel_12L14'),
('stainless_steel_420F'),
('fluorinated_ethylene_propylene'),
('fabric'),
('stainless_steel_429'),
('stainless_steel_420'),
('stainless_steel_422'),
('polyester'),
('polyphenylene_oxide'),
('beech'),
('polyoxymethylene'),
('graphite'),
('synthetic_ruby'),
('titanium_grade_12'),
('fluoroelastomer'),
('titanium_grade_11'),
('polyphenylene_ether_noryl_en-265'),
('stainless_steel_316F'),
('stainless_steel_17-4_PH'),
('cotton'),
('oak'),
('rubber'),
('tin'),
('granite'),
('acrylic'),
('silicon_dioxide'),
('quartz'),
('tool_steel'),
('felt'),
('aluminum_5754'),
('elastomers'),
('brass'),
('aluminum_2024'),
('titanium_6Al-2Sn-4Zr-2Mo'),
('nickel_201'),
('nickel_200'),
('urethane'),
('stainless_steel_384'),
('bronze_642');

insert into amazon_industrial.valid_shank_width_unit_of_measure values
('DM'),
('FT'),
('CM'),
('MM'),
('M'),
('yards'),
('IN');

insert into amazon_industrial.valid_currency values
('USD');

insert into amazon_industrial.valid_upper_temperature_rating_unit_of_measure values
('C'),
('F');

insert into amazon_industrial.valid_point_type values
('Thinned point'),
('Cone relief point'),
('Conventional point'),
('Notched point'),
('Special point'),
('Split point'),
('4-facet point'),
('6-facet point');

insert into amazon_industrial.valid_hub_diameter_unit_of_measure values
('DM'),
('FT'),
('CM'),
('MM'),
('M'),
('yards'),
('IN');

insert into amazon_industrial.valid_item_pitch_unit_of_measure values
('yards'),
('inches'),
('feet'),
('decimeters'),
('meters'),
('millimeters'),
('centimeters');

insert into amazon_industrial.valid_item_width_unit_of_measure values
('DM'),
('FT'),
('CM'),
('MM'),
('M'),
('yards'),
('IN');

insert into amazon_industrial.valid_missing_keyset_reason values
('NonConsumer'),
('Specialized'),
('PrivateLabel'),
('PreConfigured');

insert into amazon_industrial.valid_item_depth_unit_of_measure values
('DM'),
('FT'),
('CM'),
('MM'),
('M'),
('yards'),
('IN');

insert into amazon_industrial.valid_spring_rate_unit_of_measure values
('pounds per inch');

insert into amazon_industrial.valid_shank_diameter_unit_of_measure values
('DM'),
('FT'),
('CM'),
('MM'),
('M'),
('yards'),
('IN');

insert into amazon_industrial.valid_maximum_rotational_speed_unit_of_measure values
('RPS'),
('RPM');

insert into amazon_industrial.valid_update_delete values
('Update'),
('PartialUpdate'),
('Delete');

insert into amazon_industrial.valid_indentation_hardness_unit_of_measure values
('shore_ooo'),
('shore_m'),
('shore_ooo_s'),
('shore_o'),
('shore_a'),
('brinnell'),
('shore_b'),
('shore_e'),
('shore_d'),
('shore_oo'),
('vickers'),
('shore_c'),
('rockwell_d'),
('shore_do'),
('rockwell_a'),
('rockwell_b'),
('rockwell_c');

insert into amazon_industrial.valid_feed_product_type values
('Abrasives'),
('ORings'),
('MechanicalComponents'),
('ElectronicComponents'),
('CuttingTools'),
('AdhesivesAndSealants'),
('PrecisionMeasuring'),
('Gears'),
('Grommets'),
('IndustrialHose'),
('IndustrialWheels');

insert into amazon_industrial.valid_minimum_spring_compression_load_unit_of_measure values
('grams'),
('pounds'),
('kilograms'),
('milligrams'),
('newtons'),
('ounces');

insert into amazon_industrial.valid_operating_differential_pressure_unit_of_measure values
('bars'),
('psi'),
('pascal');

insert into amazon_industrial.valid_is_discontinued_by_manufacturer values
('True'),
('False');

insert into amazon_industrial.valid_drain_time_unit_of_measure values
('hours'),
('seconds'),
('minutes');

insert into amazon_industrial.valid_offering_can_be_giftwrapped values
('True'),
('False');

insert into amazon_industrial.valid_thread_type values
('UNC'),
('Metric'),
('BMTP'),
('UNF');

insert into amazon_industrial.valid_operating_vacuum_pressure_unit_of_measure values
('bars'),
('psi'),
('pascal');

insert into amazon_industrial.valid_package_weight_unit_of_measure values
('MG'),
('LB'),
('GR'),
('OZ'),
('KG');

insert into amazon_industrial.valid_offering_can_be_gift_messaged values
('True'),
('False');

insert into amazon_industrial.valid_rod_outside_diameter_maximum_unit_of_measure values
('DM'),
('FT'),
('CM'),
('MM'),
('M'),
('micrometer'),
('IN');

