insert into amazon_lab_supplies.valid_closure_diameter_unit_of_measure values
('DM'),
('FT'),
('nanometers'),
('CM'),
('MM'),
('M'),
('micrometers'),
('IN'),
('picometers');

insert into amazon_lab_supplies.valid_package_dimensions_unit_of_measure values
('DM'),
('FT'),
('nanometers'),
('CM'),
('MM'),
('M'),
('micrometers'),
('IN'),
('picometers');

insert into amazon_lab_supplies.valid_graduation_range_unit_of_measure values
('DM'),
('FT'),
('nanometers'),
('CM'),
('MM'),
('M'),
('micrometers'),
('IN'),
('picometers');

insert into amazon_lab_supplies.valid_timer_range_unit_of_measure values
('picoseconds'),
('seconds'),
('nanoseconds'),
('days'),
('hours'),
('microseconds'),
('minutes'),
('milliseconds');

insert into amazon_lab_supplies.valid_maximum_diameter_unit_of_measure values
('DM'),
('FT'),
('nanometers'),
('CM'),
('MM'),
('M'),
('micrometers'),
('IN'),
('picometers');

insert into amazon_lab_supplies.valid_item_display_weight_unit_of_measure values
('MG'),
('LB'),
('GR'),
('OZ'),
('KG');

insert into amazon_lab_supplies.valid_website_shipping_weight_unit_of_measure values
('MG'),
('LB'),
('GR'),
('OZ'),
('KG');

insert into amazon_lab_supplies.valid_maximum_sample_volume_unit_of_measure values
('liters per minute'),
('nanoliters per minute'),
('picoliters per minute'),
('milliliters per second'),
('liters per second'),
('microliters per second'),
('picoliters per second'),
('microliters per minute'),
('milliliters per minute'),
('nanoliters per second'),
('centiliters per second');

insert into amazon_lab_supplies.valid_cap_size_unit_of_measure values
('DM'),
('FT'),
('nanometers'),
('CM'),
('MM'),
('M'),
('micrometers'),
('IN'),
('picometers');

insert into amazon_lab_supplies.valid_volume_capacity_name_unit_of_measure values
('liter'),
('deciliters'),
('picoliters'),
('centiliters'),
('milliliter'),
('microliters'),
('nanoliters');

insert into amazon_lab_supplies.valid_display_dimensions_unit_of_measure values
('DM'),
('FT'),
('nanometers'),
('CM'),
('MM'),
('M'),
('micrometers'),
('IN'),
('picometers');

insert into amazon_lab_supplies.valid_maximum_energy_output_unit_of_measure values
('BTU'),
('joules');

insert into amazon_lab_supplies.valid_minimum_sample_volume_unit_of_measure values
('liters per minute'),
('nanoliters per minute'),
('deciliters'),
('liters'),
('picoliters'),
('centiliters'),
('milliliters per second'),
('liters per second'),
('microliters per second'),
('milliliters'),
('picoliters per second'),
('microliters per minute'),
('milliliters per minute'),
('microliters'),
('nanoliters'),
('picoliters per minute'),
('nanoliters per second'),
('centiliters per second');

insert into amazon_lab_supplies.valid_item_shape values
('square'),
('tonneau'),
('oval'),
('round'),
('rectangle');

insert into amazon_lab_supplies.valid_condition_type values
('UsedGood'),
('CollectibleGood'),
('Club'),
('UsedLikeNew'),
('UsedVeryGood'),
('CollectibleAcceptable'),
('Refurbished'),
('New'),
('CollectibleLikeNew'),
('CollectibleVeryGood'),
('UsedAcceptable');

insert into amazon_lab_supplies.valid_temperature_recovery_unit_of_measure values
('picoseconds'),
('seconds'),
('nanoseconds'),
('days'),
('hours'),
('microseconds'),
('minutes'),
('milliseconds');

insert into amazon_lab_supplies.valid_parent_child values
('parent'),
('child');

insert into amazon_lab_supplies.valid_pore_size_unit_of_measure values
('liters per minute'),
('nanoliters per minute'),
('picoliters per minute'),
('milliliters per second'),
('liters per second'),
('microliters per second'),
('picoliters per second'),
('microliters per minute'),
('milliliters per minute'),
('nanoliters per second'),
('centiliters per second');

insert into amazon_lab_supplies.valid_draw_volume_unit_of_measure values
('liters per minute'),
('nanoliters per minute'),
('deciliters'),
('liters'),
('picoliters'),
('centiliters'),
('milliliters per second'),
('liters per second'),
('microliters per second'),
('milliliters'),
('picoliters per second'),
('microliters per minute'),
('milliliters per minute'),
('microliters'),
('nanoliters'),
('picoliters per minute'),
('nanoliters per second'),
('centiliters per second');

insert into amazon_lab_supplies.valid_maximum_relative_centrifugal_force_unit_of_measure values
('newtons');

insert into amazon_lab_supplies.valid_reservoir_capacity_unit_of_measure values
('liter'),
('deciliters'),
('picoliters'),
('centiliters'),
('milliliter'),
('microliters'),
('nanoliters');

insert into amazon_lab_supplies.valid_stem_outside_diameter_unit_of_measure values
('DM'),
('FT'),
('nanometers'),
('CM'),
('MM'),
('M'),
('micrometers'),
('IN'),
('picometers');

insert into amazon_lab_supplies.valid_maximum_stirring_volume_unit_of_measure values
('liters per minute'),
('nanoliters per minute'),
('deciliters'),
('liters'),
('picoliters'),
('centiliters'),
('milliliters per second'),
('liters per second'),
('microliters per second'),
('milliliters'),
('picoliters per second'),
('microliters per minute'),
('milliliters per minute'),
('microliters'),
('nanoliters'),
('picoliters per minute'),
('nanoliters per second'),
('centiliters per second');

insert into amazon_lab_supplies.valid_inside_dimensions_unit_of_measure values
('DM'),
('FT'),
('nanometers'),
('CM'),
('MM'),
('M'),
('micrometers'),
('IN'),
('picometers');

insert into amazon_lab_supplies.valid_country_string values
('Canada'),
('Saint Martin'),
('Turkmenistan'),
('Saint Helena'),
('Lithuania'),
('Cambodia'),
('Switzerland'),
('Ethiopia'),
('Aruba'),
('Swaziland'),
('Argentina'),
('Bolivia'),
('Cameroon'),
('Burkina Faso'),
('Ghana'),
('Saudi Arabia'),
('Yemen'),
('Togo'),
('Japan'),
('Wallis & Futuna'),
('Cape Verde'),
('Northern Mariana Islands'),
('Slovenia'),
('Guatemala'),
('Zimbabwe'),
('Kuwait'),
('Jordan'),
('Dominica'),
('Liberia'),
('Maldives'),
('Jamaica'),
('Trinidad & Tobago'),
('Oman'),
('Tanzania'),
('Martinique'),
('Ivory Coast'),
('Albania'),
('Gabon'),
('Niue'),
('Monaco'),
('New Zealand'),
('Saint Pierre & Miquelon'),
('Jersey'),
('Andorra'),
('Greenland'),
('Samoa'),
('Macau'),
('Norfolk Island'),
('United Arab Emirates'),
('Guam'),
('Uruguay'),
('India'),
('Azerbaijan'),
('Lesotho'),
('Cyprus'),
('South Korea'),
('Tajikistan'),
('Turkey'),
('Afghanistan'),
('Bangladesh'),
('Mauritania'),
('Solomon Islands'),
('Saint Lucia'),
('San Marino'),
('French Polynesia'),
('France'),
('Bermuda'),
('Slovakia'),
('Somalia'),
('Peru'),
('Laos'),
('Republic of Congo'),
('Nauru'),
('Seychelles'),
('Norway'),
('Malawi'),
('Cook Islands'),
('Benin'),
('Western Sahara'),
('Cuba'),
('Mayotte'),
('China'),
('Armenia'),
('Dominican Republic'),
('Mongolia'),
('Ukraine'),
('Bahrain'),
('Tonga'),
('Finland'),
('Libya'),
('Cayman Islands'),
('Central African Republic'),
('New Caledonia'),
('Mauritius'),
('Liechtenstein'),
('Australia'),
('British Virgin Islands'),
('Kenya'),
('Heard & McDonald Islands'),
('Russia'),
('Bulgaria'),
('United States'),
('Romania'),
('Angola'),
('French Southern Territories'),
('Chad'),
('South Africa'),
('Tokelau'),
('Democratic Republic of Congo'),
('Sweden'),
('Qatar'),
('Antigua & Barbuda'),
('Malaysia'),
('Austria'),
('Vietnam'),
('Mozambique'),
('Uganda'),
('Canary Islands'),
('Hungary'),
('Niger'),
('Isle of Man'),
('Brazil'),
('Falkland Islands'),
('Faroe Islands'),
('Guinea'),
('Panama'),
('Mali'),
('Costa Rica'),
('Luxembourg'),
('American Samoa'),
('Bahamas'),
('Gibraltar'),
('Ireland'),
('Pakistan'),
('Palau'),
('Nigeria'),
('Ecuador'),
('Czech Republic'),
('US Virgin Islands'),
('Brunei'),
('Belarus'),
('Iran'),
('Saint Kitts & Nevis'),
('Algeria'),
('Svalbard'),
('El Salvador'),
('Tuvalu'),
('Pitcairn Islands'),
('Turks & Caicos Islands'),
('Marshall Islands'),
('Chile'),
('Puerto Rico'),
('Belgium'),
('Kiribati'),
('Haiti'),
('Belize'),
('Hong Kong'),
('Sierra Leone'),
('Georgia'),
('Gambia'),
('Philippines'),
('Guinea Bissau'),
('Moldova'),
('Morocco'),
('Croatia'),
('Micronesia'),
('Guernsey'),
('Thailand'),
('Namibia'),
('Grenada'),
('Iraq'),
('Portugal'),
('Estonia'),
('Kosovo'),
('Equatorial Guinea'),
('Lebanon'),
('Uzbekistan'),
('Tunisia'),
('Djibouti'),
('Rwanda'),
('Spain'),
('Colombia'),
('Reunion'),
('Burundi'),
('Taiwan'),
('Fiji'),
('Barbados'),
('Cocos Islands'),
('Madagascar'),
('Italy'),
('Bhutan'),
('Sudan'),
('Nepal'),
('Malta'),
('Bosnia & Herzegovina'),
('Netherlands'),
('Suriname'),
('Anguilla'),
('Venezuela'),
('Holy See'),
('Aland Islands'),
('Israel'),
('Indonesia'),
('South Georgia & South Sandwich Islands'),
('Iceland'),
('Zambia'),
('Senegal'),
('Papua New Guinea'),
('Sao Tome & Principe'),
('Germany'),
('Vanuatu'),
('Denmark'),
('Saint Vincent & Grenadines'),
('Kazakhstan'),
('Poland'),
('Eritrea'),
('Kyrgyzstan'),
('Palestinian Territory'),
('British Indian Ocean Territory'),
('Montserrat'),
('Mexico'),
('Macedonia'),
('Timor Leste'),
('North Korea'),
('Sri Lanka'),
('Latvia'),
('Guyana'),
('Syria'),
('Guadeloupe'),
('Burma'),
('Honduras'),
('Bouvet Island'),
('Egypt'),
('Nicaragua'),
('Singapore'),
('Serbia'),
('Botswana'),
('United Kingdom'),
('Antarctica'),
('Christmas Island'),
('Netherlands Antilles'),
('Greece'),
('Paraguay'),
('French Guiana'),
('Comoros'),
('US Minor Outlying Islands');

insert into amazon_lab_supplies.valid_tube_size_unit_of_measure values
('DM'),
('FT'),
('nanometers'),
('CM'),
('MM'),
('M'),
('micrometers'),
('IN'),
('picometers');

insert into amazon_lab_supplies.valid_minimum_working_volume_unit_of_measure values
('liters per minute'),
('nanoliters per minute'),
('deciliters'),
('liters'),
('picoliters'),
('centiliters'),
('milliliters per second'),
('liters per second'),
('microliters per second'),
('milliliters'),
('picoliters per second'),
('microliters per minute'),
('milliliters per minute'),
('microliters'),
('nanoliters'),
('picoliters per minute'),
('nanoliters per second'),
('centiliters per second');

insert into amazon_lab_supplies.valid_chamber_dimensions_unit_of_measure values
('DM'),
('FT'),
('nanometers'),
('CM'),
('MM'),
('M'),
('micrometers'),
('IN'),
('picometers');

insert into amazon_lab_supplies.valid_outside_diameter_unit_of_measure values
('DM'),
('FT'),
('nanometers'),
('CM'),
('MM'),
('M'),
('micrometers'),
('IN'),
('picometers');

insert into amazon_lab_supplies.valid_relationship_type values
('Accessory');

insert into amazon_lab_supplies.valid_minimum_speed_unit_of_measure values
('RPS'),
('meters per second'),
('millimeters per second'),
('centimeters per second'),
('RPM');

insert into amazon_lab_supplies.valid_minimum_stirring_speed_unit_of_measure values
('RPS'),
('meters per second'),
('millimeters per second'),
('centimeters per second'),
('RPM');

insert into amazon_lab_supplies.valid_chamber_volume_unit_of_measure values
('liters per minute'),
('nanoliters per minute'),
('deciliters'),
('liters'),
('picoliters'),
('centiliters'),
('milliliters per second'),
('liters per second'),
('microliters per second'),
('milliliters'),
('picoliters per second'),
('microliters per minute'),
('milliliters per minute'),
('microliters'),
('nanoliters'),
('picoliters per minute'),
('nanoliters per second'),
('centiliters per second');

insert into amazon_lab_supplies.valid_neck_diameter_unit_of_measure values
('DM'),
('FT'),
('nanometers'),
('CM'),
('MM'),
('M'),
('micrometers'),
('IN'),
('picometers');

insert into amazon_lab_supplies.valid_sample_volume_unit_of_measure values
('liters per minute'),
('nanoliters per minute'),
('picoliters per minute'),
('milliliters per second'),
('liters per second'),
('microliters per second'),
('picoliters per second'),
('microliters per minute'),
('milliliters per minute'),
('nanoliters per second'),
('centiliters per second');

insert into amazon_lab_supplies.valid_product_tax_code values
('A_GEN_NOTAX');

insert into amazon_lab_supplies.valid_maximum_dispensing_volume_unit_of_measure values
('liters per minute'),
('nanoliters per minute'),
('picoliters per minute'),
('milliliters per second'),
('liters per second'),
('microliters per second'),
('picoliters per second'),
('microliters per minute'),
('milliliters per minute'),
('nanoliters per second'),
('centiliters per second');

insert into amazon_lab_supplies.valid_temperature_unit_of_measure values
('C'),
('F');

insert into amazon_lab_supplies.valid_item_weight_unit_of_measure values
('MG'),
('LB'),
('GR'),
('OZ'),
('KG');

insert into amazon_lab_supplies.valid_tube_capacity_unit_of_measure values
('liter'),
('deciliters'),
('picoliters'),
('centiliters'),
('milliliter'),
('microliters'),
('nanoliters');

insert into amazon_lab_supplies.valid_heater_surface_material_type values
('stainless_steel_2205_Hi_N'),
('ceramic'),
('cobalt'),
('polyetherimide'),
('torlon_4203'),
('stainless_steel_17-7_PH'),
('nickel_chromium_steel'),
('chromium_steel'),
('absylux'),
('tool_steel_S7'),
('silicon_carbide'),
('polyethylene_fiber'),
('tool_steel_A2'),
('hastelloy'),
('teak'),
('bronze_841'),
('silicon_manganese_steel'),
('stainless_steel_309S'),
('phenolic'),
('titanium_3Al-8V-6Cr-4Mo-4Zr'),
('zinc'),
('copper_101'),
('silicone_rubber'),
('copper_102'),
('nickel_400'),
('aluminum_7068'),
('brass_260'),
('stainless_steel_nitronic_60'),
('stainless_steel_201'),
('stainless_steel_202'),
('stainless_steel_203'),
('stainless_steel_204'),
('stainless_steel_205'),
('cold_rolled_steel_1018'),
('pebax'),
('nickel_silver'),
('high_speed_steel'),
('zirconia'),
('polystyrene'),
('stainless_steel_348'),
('polyacrylate'),
('stainless_steel_347'),
('nylon'),
('aluminum_5052'),
('aluminum_5056'),
('aluminum_5058'),
('mullite'),
('gum_rubber'),
('rosewood'),
('aluminum_2011'),
('aluminum_2017'),
('tool_steel_W1'),
('aluminum_6005'),
('nickel_625'),
('cerro_alloys'),
('stainless_steel_304N'),
('stainless_steel_410'),
('stainless_steel_304L'),
('diamond'),
('stainless_steel_414'),
('stainless_steel_416'),
('stainless_steel_316L'),
('stainless_steel_316N'),
('nickel_chromium_molybdenum_steel'),
('cpvc'),
('glass'),
('aluminum_5020'),
('aluminum_6262'),
('stainless_steel_2507'),
('viton_extreme'),
('brass_270'),
('marble'),
('titanium_grade_23'),
('chlorosulfonated_polyethylene'),
('hydrogenated_nitrile_butadiene_rubber'),
('titanium'),
('stainless_steel_430F'),
('polyurethane'),
('cold_rolled_steel'),
('pine'),
('bronze_655'),
('stainless_steel_309'),
('stainless_steel_308'),
('liquid_silicone_rubber'),
('stainless_steel_301'),
('stainless_steel_303'),
('stainless_steel_302'),
('polyamide_imide'),
('stainless_steel_304'),
('polycarbonate'),
('cadmium'),
('copper_172'),
('bronze_903'),
('polyamide_imide_torlon_4203'),
('carbide_tipped'),
('stainless_steel_317LMN'),
('chromium_molybdenum_steel_4340'),
('aluminum_4032'),
('nickel_molybdenum_steel'),
('titanium_15V-3Cr-3Sn-3Al'),
('willow'),
('walnut'),
('titanium_6Al-6V-2Sn'),
('epdm'),
('titanium_3Al-2.5V'),
('steatite'),
('viton'),
('silver'),
('hot_rolled_steel'),
('kevlar'),
('brass_230'),
('brass_330'),
('inconel'),
('polyetheretherketone'),
('polyimide'),
('mahogany'),
('polysulfone'),
('nitinol'),
('chromium_molybdenum_steel'),
('titanium_grade_4'),
('titanium_grade_5'),
('natural_rubber'),
('titanium_grade_7'),
('titanium_grade_1'),
('titanium_grade_2'),
('titanium_grade_3'),
('bronze_936'),
('bronze_932'),
('galvanized_steel'),
('brass_485'),
('stainless_steel_442'),
('stainless_steel_440'),
('stainless_steel_446'),
('torlon_4301'),
('ironcast_iron'),
('kalrez'),
('porcelain'),
('wire_wound'),
('polytetrafluoroethylene_fluorosint_500_ptfe'),
('aluminum_7075'),
('ethylene_chlorotrifluoroethlyene_turcite_x_etfe'),
('brass_464'),
('fluorosilicon'),
('neoprene'),
('cold_rolled_steel_1008'),
('Monel'),
('copper'),
('stainless_steel_302HQ'),
('aluminum_5005'),
('bronze_544'),
('aluminum_6082'),
('maple'),
('plastic'),
('iron
cast_iron'),
('rulon_j'),
('brass_360'),
('stainless_steel_430FSe'),
('ethylene_chlorotrifluoroethlyene_turcite_a_etfe'),
('steel'),
('bismuth'),
('aluminum_2007'),
('synthetic_sapphire'),
('carbon_steel'),
('stainless_steel_405'),
('stainless_steel_403'),
('stainless_steel_13-8'),
('fluoropolymer'),
('stainless_steel_409'),
('perfluoralkoxy'),
('tool_steel_D2'),
('stainless_steel_2205'),
('stainless_steel_17-4'),
('stainless_steel_17-7'),
('titanium_8Al-1Mo-1V'),
('perfluoroelastomer'),
('stainless_steel_416Se'),
('molybdenum_steel'),
('stainless_steel_15-5_PH'),
('teflon'),
('stainless_steel_302B'),
('stainless_steel_A286'),
('latex'),
('polyethylene'),
('aluminum_5086'),
('titanium_5Al-2.5Sn'),
('bronze_863'),
('stainless_steel_305'),
('high_density_polyethylene'),
('polypropylene'),
('gold'),
('stainless_steel_316'),
('stainless_steel_317'),
('stainless_steel_314'),
('stainless_steel_310'),
('titanium_13V-11Cr-3Al'),
('rulon_lr'),
('fiberglass'),
('stainless_steel_18-8'),
('aluminum_5251'),
('wood'),
('aluminum_852.0'),
('wool'),
('ethylene_vinyl_acetate'),
('polyamide_imide_torlon_4301'),
('tetrafluoroethylene_hexafluoropropylene_vinylidene_fluoride'),
('tungsten'),
('bronze_510'),
('aluminum'),
('leather'),
('nickel*'),
('stainless_steel_440C'),
('stainless_steel_440B'),
('stainless_steel_440A'),
('carbon_steel_1010'),
('turcite'),
('hardwood'),
('simriz'),
('pvc'),
('petg'),
('antimony'),
('stainless_steel_15-7'),
('stainless_steel_15-5'),
('bronze_630'),
('polyolefin'),
('aluminum_mic_6'),
('carbon'),
('molded_epoxy'),
('bronze'),
('UHMW'),
('nickel_276'),
('stainless_steel_436'),
('stainless_steel_434'),
('stainless_steel_431'),
('stainless_steel_430'),
('copper_122'),
('stainless_steel_330'),
('chromium'),
('platinum'),
('bronze_385'),
('bronze_954'),
('bronze_220'),
('rulon_ar'),
('stainless_steel_321'),
('stainless_steel_329'),
('synthetic_polymer'),
('hot_rolled_steel_A36'),
('aluminum_3003'),
('ruby'),
('aluminum_1100'),
('alloy_steel'),
('acrylic_latex'),
('copper_145'),
('acrylonitrile_butadiene_styrene'),
('brass_353'),
('thin_film'),
('aluminum_6020'),
('nickel_600'),
('polyvinylidene_fluoride'),
('fluorocarbon'),
('sillimanite'),
('polymethylpentane'),
('foam'),
('stainless_steel_310S'),
('polytetrafluoroethylene'),
('birch'),
('nitrile_rubber'),
('butyl'),
('aluminum_qc_7'),
('pewter'),
('stainless_steel_3RE60'),
('stainless_steel_2304'),
('bronze_316'),
('elm'),
('cherry'),
('chromium_molybdenum_steel_4130'),
('nickel_steel'),
('tool_steel_01'),
('copper_110'),
('cedar'),
('acetal'),
('resin'),
('chloroprene'),
('cold_rolled_steel_1144'),
('chromium_vanadium_steel'),
('aluminum_oxide'),
('stainless_steel_317L'),
('aluminum_6060'),
('aluminum_6061'),
('aluminum_6063'),
('styrene-butadiene_rubber'),
('lead'),
('copper_182'),
('manganese_steel'),
('engineering_thermoplastic_polyurethane'),
('stainless_steel_303Se'),
('fibralon'),
('brass_385'),
('cellulose'),
('carbide'),
('low_density_polyethylene'),
('aluminum_6013'),
('chloroprene_rubber'),
('white_high_impact_styrene'),
('cordierite'),
('stainless_steel_420V'),
('polyethylene_terephthalate'),
('cold_rolled_steel_12L14'),
('stainless_steel_420F'),
('fluorinated_ethylene_propylene'),
('fabric'),
('stainless_steel_429'),
('stainless_steel_420'),
('stainless_steel_422'),
('polyester'),
('polyphenylene_oxide'),
('beech'),
('polyoxymethylene'),
('stainless_steel'),
('graphite'),
('synthetic_ruby'),
('titanium_grade_12'),
('fluoroelastomer'),
('titanium_grade_11'),
('polyphenylene_ether_noryl_en-265'),
('stainless_steel_316F'),
('stainless_steel_17-4_PH'),
('cotton'),
('oak'),
('rubber'),
('tin'),
('granite'),
('acrylic'),
('silicon_dioxide'),
('quartz'),
('tool_steel'),
('felt'),
('aluminum_5754'),
('elastomers'),
('brass'),
('aluminum_2024'),
('titanium_6Al-2Sn-4Zr-2Mo'),
('nickel_201'),
('nickel_200'),
('urethane'),
('stainless_steel_384'),
('bronze_642');

insert into amazon_lab_supplies.valid_fulfillment_center_id values
('DEFAULT'),
('AMAZON_NA');

insert into amazon_lab_supplies.valid_capacity_unit_of_measure values
('pounds'),
('grams'),
('deciliters'),
('liters'),
('kilograms'),
('centiliters'),
('milligrams'),
('milliliters'),
('picoliters'),
('ounces'),
('microliters'),
('nanoliters');

insert into amazon_lab_supplies.valid_output_capacity_unit_of_measure values
('liters per minute'),
('nanoliters per minute'),
('deciliters'),
('liters'),
('picoliters'),
('centiliters'),
('milliliters per second'),
('liters per second'),
('microliters per second'),
('milliliters'),
('picoliters per second'),
('microliters per minute'),
('milliliters per minute'),
('microliters'),
('nanoliters'),
('picoliters per minute'),
('nanoliters per second'),
('centiliters per second');

insert into amazon_lab_supplies.valid_item_volume_unit_of_measure values
('liter'),
('deciliters'),
('picoliters'),
('centiliters'),
('milliliter'),
('microliters'),
('nanoliters');

insert into amazon_lab_supplies.valid_item_length_unit_of_measure values
('DM'),
('FT'),
('nanometers'),
('CM'),
('MM'),
('M'),
('micrometers'),
('IN'),
('picometers');

insert into amazon_lab_supplies.valid_plate_outside_diameter_unit_of_measure values
('DM'),
('FT'),
('nanometers'),
('CM'),
('MM'),
('M'),
('micrometers'),
('IN'),
('picometers');

insert into amazon_lab_supplies.valid_external_product_id_type values
('GCID'),
('GTIN'),
('UPC'),
('EAN');

insert into amazon_lab_supplies.valid_water_removal_capacity_unit_of_measure values
('liter'),
('deciliters'),
('picoliters'),
('centiliters'),
('milliliter'),
('microliters'),
('nanoliters');

insert into amazon_lab_supplies.valid_immersion_depth_unit_of_measure values
('DM'),
('FT'),
('nanometers'),
('CM'),
('MM'),
('M'),
('micrometers'),
('IN'),
('picometers');

insert into amazon_lab_supplies.valid_holding_time_unit_of_measure values
('picoseconds'),
('seconds'),
('nanoseconds'),
('days'),
('hours'),
('microseconds'),
('minutes'),
('milliseconds');

insert into amazon_lab_supplies.valid_temperature_range_unit_of_measure values
('C'),
('F');

insert into amazon_lab_supplies.valid_cpsia_cautionary_statement values
('no_warning_applicable'),
('choking_hazard_contains_a_marble'),
('contains_small_magnets'),
('choking_hazard_is_a_marble'),
('choking_hazard_balloon'),
('choking_hazard_small_parts'),
('choking_hazard_contains_small_ball'),
('choking_hazard_is_a_small_ball');

insert into amazon_lab_supplies.valid_item_thickness_unit_of_measure values
('DM'),
('FT'),
('nanometers'),
('CM'),
('MM'),
('M'),
('micrometers'),
('IN'),
('picometers');

insert into amazon_lab_supplies.valid_well_volume_unit_of_measure values
('liter'),
('deciliters'),
('picoliters'),
('centiliters'),
('milliliter'),
('microliters'),
('nanoliters');

insert into amazon_lab_supplies.valid_country_of_origin values
('Canada'),
('Guinea-Bissau'),
('Saint Helena'),
('Unknown'),
('Lithuania'),
('Cambodia'),
('Switzerland'),
('Ethiopia'),
('Aruba'),
('Swaziland'),
('Argentina'),
('Bolivia'),
('Cameroon'),
('Burkina Faso'),
('Turkmenistan'),
('Ghana'),
('Saudi Arabia'),
('Togo'),
('Japan'),
('Cape Verde'),
('Cocos (Keeling) Islands'),
('Slovenia'),
('Guatemala'),
('Bosnia and Herzegovina'),
('Kuwait'),
('Burma (Myanmar)'),
('Jordan'),
('Dominica'),
('Liberia'),
('Maldives'),
('Jamaica'),
('Oman'),
('Tanzania'),
('Martinique'),
('Saint Kitts And Nevis'),
('Ivory Coast'),
('Albania'),
('Gabon'),
('Niue'),
('Monaco'),
('Wallis and Futuna'),
('New Zealand'),
('Yemen'),
('Jersey'),
('Andorra'),
('Greenland'),
('Samoa'),
('Macau'),
('S. Georgia and S. Sandwich Isls.'),
('Norfolk Island'),
('United Arab Emirates'),
('Guam'),
('India'),
('Azerbaijan'),
('Lesotho'),
('Saint Vincent And The Grenadines'),
('Kenya'),
('South Korea'),
('Tajikistan'),
('Turkey'),
('Afghanistan'),
('Bangladesh'),
('Mauritania'),
('Solomon Islands'),
('Saint Lucia'),
('Hungary'),
('San Marino'),
('French Polynesia'),
('France'),
('Bermuda'),
('Slovakia'),
('Somalia'),
('Peru'),
('Laos'),
('Nauru'),
('Seychelles'),
('Norway'),
('Malawi'),
('Cook Islands'),
('Benin'),
('Western Sahara'),
('Cuba'),
('Republic of the Congo'),
('Mayotte'),
('China'),
('Armenia'),
('Dominican Republic'),
('Mongolia'),
('Ukraine'),
('Bahrain'),
('Tonga'),
('Finland'),
('Libya'),
('New Caledonia'),
('Cayman Islands'),
('Central African Republic'),
('Heard and McDonald Islands'),
('Mauritius'),
('Liechtenstein'),
('Australia'),
('Antigua And Barbuda'),
('Mali'),
('Russia'),
('Bulgaria'),
('United States'),
('Romania'),
('Angola'),
('French Southern Territories'),
('Chad'),
('South Africa'),
('Tokelau'),
('Cyprus'),
('Sweden'),
('Qatar'),
('Malaysia'),
('Austria'),
('Vietnam'),
('Mozambique'),
('Uganda'),
('Canary Islands'),
('British Virgin Islands'),
('Niger'),
('Isle of Man'),
('Brazil'),
('Turks And Caicos Islands'),
('Falkland Islands'),
('Faroe Islands'),
('Guinea'),
('Panama'),
('Costa Rica'),
('Luxembourg'),
('American Samoa'),
('Bahamas'),
('Gibraltar'),
('Ireland'),
('Pakistan'),
('Palau'),
('Nigeria'),
('Ecuador'),
('Czech Republic'),
('US Virgin Islands'),
('Brunei'),
('Belarus'),
('Iran'),
('Algeria'),
('Svalbard'),
('El Salvador'),
('Tuvalu'),
('Zaire'),
('Pitcairn Islands'),
('Saint Pierre and Miquelon'),
('Marshall Islands'),
('Chile'),
('Puerto Rico'),
('Belgium'),
('Kiribati'),
('Haiti'),
('Belize'),
('Hong Kong'),
('Sierra Leone'),
('Georgia'),
('Gambia'),
('Philippines'),
('Sao Tome And Principe'),
('Moldova'),
('Holy See (Vatican City)'),
('Croatia'),
('Micronesia'),
('Guernsey'),
('Thailand'),
('Namibia'),
('Grenada'),
('Iraq'),
('Portugal'),
('Estonia'),
('Uruguay'),
('Equatorial Guinea'),
('Lebanon'),
('Uzbekistan'),
('Tunisia'),
('Djibouti'),
('Rwanda'),
('Timor-Leste'),
('Spain'),
('Colombia'),
('Reunion'),
('Burundi'),
('Taiwan'),
('Fiji'),
('Barbados'),
('Madagascar'),
('Italy'),
('Bhutan'),
('Sudan'),
('Nepal'),
('Malta'),
('Democratic Republic of the Congo'),
('Netherlands'),
('Northern Mariana Islands'),
('Suriname'),
('Anguilla'),
('Venezuela'),
('Netherlands Antilles'),
('Aland Islands'),
('Israel'),
('Indonesia'),
('Iceland'),
('Zambia'),
('Senegal'),
('Papua New Guinea'),
('Zimbabwe'),
('Germany'),
('Vanuatu'),
('Denmark'),
('Saint-Martin'),
('Kazakhstan'),
('Poland'),
('Eritrea'),
('Kyrgyzstan'),
('Palestinian Territory'),
('British Indian Ocean Territory'),
('Montserrat'),
('Mexico'),
('Macedonia'),
('North Korea'),
('Sri Lanka'),
('Latvia'),
('Guyana'),
('Syria'),
('Guadeloupe'),
('Morocco'),
('Honduras'),
('Bouvet Island'),
('Egypt'),
('Nicaragua'),
('Singapore'),
('Serbia'),
('Botswana'),
('United Kingdom'),
('Trinidad And Tobago'),
('Antarctica'),
('Christmas Island'),
('Greece'),
('Paraguay'),
('French Guiana'),
('Comoros'),
('US Minor Outlying Islands');

insert into amazon_lab_supplies.valid_maximum_speed_unit_of_measure values
('RPS'),
('meters per second'),
('millimeters per second'),
('centimeters per second'),
('RPM');

insert into amazon_lab_supplies.valid_extension_length_unit_of_measure values
('DM'),
('FT'),
('nanometers'),
('CM'),
('MM'),
('M'),
('micrometers'),
('IN'),
('picometers');

insert into amazon_lab_supplies.valid_wide_end_diameter_unit_of_measure values
('DM'),
('FT'),
('nanometers'),
('CM'),
('MM'),
('M'),
('micrometers'),
('IN'),
('picometers');

insert into amazon_lab_supplies.valid_operating_pressure_unit_of_measure values
('bars'),
('psi'),
('pascal');

insert into amazon_lab_supplies.valid_bulb_diameter_unit_of_measure values
('DM'),
('FT'),
('nanometers'),
('CM'),
('MM'),
('M'),
('micrometers'),
('IN'),
('picometers');

insert into amazon_lab_supplies.valid_suction_flow_rate_unit_of_measure values
('liters per minute'),
('nanoliters per minute'),
('picoliters per minute'),
('milliliters per second'),
('liters per second'),
('microliters per second'),
('picoliters per second'),
('microliters per minute'),
('milliliters per minute'),
('nanoliters per second'),
('centiliters per second');

insert into amazon_lab_supplies.valid_volume_accuracy_unit_of_measure values
('liters per minute'),
('nanoliters per minute'),
('picoliters per minute'),
('milliliters per second'),
('liters per second'),
('microliters per second'),
('picoliters per second'),
('microliters per minute'),
('milliliters per minute'),
('nanoliters per second'),
('centiliters per second');

insert into amazon_lab_supplies.valid_drop_volume_unit_of_measure values
('liter'),
('deciliters'),
('picoliters'),
('centiliters'),
('milliliter'),
('microliters'),
('nanoliters');

insert into amazon_lab_supplies.valid_item_diameter_unit_of_measure values
('DM'),
('FT'),
('nanometers'),
('CM'),
('MM'),
('M'),
('micrometers'),
('IN'),
('picometers');

insert into amazon_lab_supplies.valid_prop_65 values
('True'),
('False');

insert into amazon_lab_supplies.valid_coolant_capacity_unit_of_measure values
('liter'),
('deciliters'),
('picoliters'),
('centiliters'),
('milliliter'),
('microliters'),
('nanoliters');

insert into amazon_lab_supplies.valid_graduation_interval_unit_of_measure values
('pounds'),
('grams'),
('deciliters'),
('liters'),
('kilograms'),
('centiliters'),
('milligrams'),
('nanoliters'),
('micrometer'),
('milliliters'),
('picoliters'),
('ounces'),
('microliters'),
('gallons'),
('centimeters'),
('nanometer'),
('millimeters'),
('picometer');

insert into amazon_lab_supplies.valid_material_type values
('stainless_steel_2205_Hi_N'),
('ceramic'),
('cobalt'),
('polyetherimide'),
('torlon_4203'),
('stainless_steel_17-7_PH'),
('nickel_chromium_steel'),
('chromium_steel'),
('absylux'),
('tool_steel_S7'),
('silicon_carbide'),
('polyethylene_fiber'),
('tool_steel_A2'),
('hastelloy'),
('teak'),
('bronze_841'),
('silicon_manganese_steel'),
('stainless_steel_309S'),
('phenolic'),
('titanium_3Al-8V-6Cr-4Mo-4Zr'),
('zinc'),
('copper_101'),
('silicone_rubber'),
('copper_102'),
('nickel_400'),
('aluminum_7068'),
('brass_260'),
('stainless_steel_nitronic_60'),
('stainless_steel_201'),
('stainless_steel_202'),
('stainless_steel_203'),
('stainless_steel_204'),
('stainless_steel_205'),
('cold_rolled_steel_1018'),
('pebax'),
('nickel_silver'),
('high_speed_steel'),
('zirconia'),
('polystyrene'),
('stainless_steel_348'),
('polyacrylate'),
('stainless_steel_347'),
('nylon'),
('aluminum_5052'),
('aluminum_5056'),
('aluminum_5058'),
('mullite'),
('gum_rubber'),
('rosewood'),
('aluminum_2011'),
('aluminum_2017'),
('tool_steel_W1'),
('aluminum_6005'),
('nickel_625'),
('cerro_alloys'),
('stainless_steel_304N'),
('stainless_steel_410'),
('stainless_steel_304L'),
('diamond'),
('stainless_steel_414'),
('stainless_steel_416'),
('stainless_steel_316L'),
('stainless_steel_316N'),
('nickel_chromium_molybdenum_steel'),
('cpvc'),
('glass'),
('aluminum_5020'),
('aluminum_6262'),
('stainless_steel_2507'),
('viton_extreme'),
('brass_270'),
('marble'),
('titanium_grade_23'),
('chlorosulfonated_polyethylene'),
('hydrogenated_nitrile_butadiene_rubber'),
('titanium'),
('stainless_steel_430F'),
('polyurethane'),
('cold_rolled_steel'),
('pine'),
('bronze_655'),
('stainless_steel_309'),
('stainless_steel_308'),
('liquid_silicone_rubber'),
('stainless_steel_301'),
('stainless_steel_303'),
('stainless_steel_302'),
('polyamide_imide'),
('stainless_steel_304'),
('polycarbonate'),
('cadmium'),
('copper_172'),
('bronze_903'),
('polyamide_imide_torlon_4203'),
('carbide_tipped'),
('stainless_steel_317LMN'),
('chromium_molybdenum_steel_4340'),
('aluminum_4032'),
('nickel_molybdenum_steel'),
('titanium_15V-3Cr-3Sn-3Al'),
('willow'),
('walnut'),
('titanium_6Al-6V-2Sn'),
('epdm'),
('titanium_3Al-2.5V'),
('steatite'),
('viton'),
('silver'),
('hot_rolled_steel'),
('kevlar'),
('brass_230'),
('brass_330'),
('inconel'),
('polyetheretherketone'),
('polyimide'),
('mahogany'),
('polysulfone'),
('nitinol'),
('chromium_molybdenum_steel'),
('titanium_grade_4'),
('titanium_grade_5'),
('natural_rubber'),
('titanium_grade_7'),
('titanium_grade_1'),
('titanium_grade_2'),
('titanium_grade_3'),
('bronze_936'),
('bronze_932'),
('galvanized_steel'),
('brass_485'),
('stainless_steel_442'),
('stainless_steel_440'),
('stainless_steel_446'),
('torlon_4301'),
('kalrez'),
('porcelain'),
('wire_wound'),
('polytetrafluoroethylene_fluorosint_500_ptfe'),
('aluminum_7075'),
('ethylene_chlorotrifluoroethlyene_turcite_x_etfe'),
('brass_464'),
('fluorosilicon'),
('neoprene'),
('cold_rolled_steel_1008'),
('Monel'),
('copper'),
('stainless_steel_302HQ'),
('aluminum_5005'),
('bronze_544'),
('aluminum_6082'),
('maple'),
('plastic'),
('iron
cast_iron'),
('rulon_j'),
('brass_360'),
('stainless_steel_430FSe'),
('ethylene_chlorotrifluoroethlyene_turcite_a_etfe'),
('steel'),
('bismuth'),
('aluminum_2007'),
('iron'),
('synthetic_sapphire'),
('carbon_steel'),
('stainless_steel_405'),
('stainless_steel_403'),
('stainless_steel_13-8'),
('fluoropolymer'),
('stainless_steel_409'),
('perfluoralkoxy'),
('tool_steel_D2'),
('stainless_steel_2205'),
('stainless_steel_17-4'),
('stainless_steel_17-7'),
('titanium_8Al-1Mo-1V'),
('perfluoroelastomer'),
('stainless_steel_416Se'),
('molybdenum_steel'),
('stainless_steel_15-5_PH'),
('teflon'),
('stainless_steel_302B'),
('stainless_steel_A286'),
('latex'),
('polyethylene'),
('aluminum_5086'),
('titanium_5Al-2.5Sn'),
('bronze_863'),
('stainless_steel_305'),
('high_density_polyethylene'),
('polypropylene'),
('gold'),
('stainless_steel_316'),
('stainless_steel_317'),
('stainless_steel_314'),
('stainless_steel_310'),
('titanium_13V-11Cr-3Al'),
('rulon_lr'),
('fiberglass'),
('stainless_steel_18-8'),
('aluminum_5251'),
('wood'),
('aluminum_852.0'),
('wool'),
('ethylene_vinyl_acetate'),
('polyamide_imide_torlon_4301'),
('tetrafluoroethylene_hexafluoropropylene_vinylidene_fluoride'),
('tungsten'),
('bronze_510'),
('aluminum'),
('leather'),
('stainless_steel'),
('stainless_steel_440C'),
('stainless_steel_440B'),
('stainless_steel_440A'),
('carbon_steel_1010'),
('turcite'),
('hardwood'),
('simriz'),
('pvc'),
('petg'),
('antimony'),
('stainless_steel_15-7'),
('stainless_steel_15-5'),
('bronze_630'),
('polyolefin'),
('aluminum_mic_6'),
('carbon'),
('molded_epoxy'),
('bronze'),
('UHMW'),
('nickel_276'),
('stainless_steel_436'),
('stainless_steel_434'),
('stainless_steel_431'),
('stainless_steel_430'),
('copper_122'),
('stainless_steel_330'),
('chromium'),
('platinum'),
('bronze_385'),
('bronze_954'),
('bronze_220'),
('rulon_ar'),
('nickel'),
('stainless_steel_321'),
('stainless_steel_329'),
('synthetic_polymer'),
('hot_rolled_steel_A36'),
('aluminum_3003'),
('ruby'),
('aluminum_1100'),
('alloy_steel'),
('acrylic_latex'),
('copper_145'),
('acrylonitrile_butadiene_styrene'),
('brass_353'),
('thin_film'),
('aluminum_6020'),
('nickel_600'),
('polyvinylidene_fluoride'),
('fluorocarbon'),
('sillimanite'),
('polymethylpentane'),
('foam'),
('stainless_steel_310S'),
('polytetrafluoroethylene'),
('birch'),
('nitrile_rubber'),
('butyl'),
('aluminum_qc_7'),
('pewter'),
('stainless_steel_3RE60'),
('stainless_steel_2304'),
('bronze_316'),
('elm'),
('cherry'),
('chromium_molybdenum_steel_4130'),
('nickel_steel'),
('tool_steel_01'),
('copper_110'),
('cedar'),
('acetal'),
('resin'),
('chloroprene'),
('cold_rolled_steel_1144'),
('chromium_vanadium_steel'),
('aluminum_oxide'),
('stainless_steel_317L'),
('aluminum_6060'),
('aluminum_6061'),
('aluminum_6063'),
('styrene-butadiene_rubber'),
('lead'),
('copper_182'),
('manganese_steel'),
('engineering_thermoplastic_polyurethane'),
('stainless_steel_303Se'),
('fibralon'),
('brass_385'),
('cellulose'),
('carbide'),
('low_density_polyethylene'),
('aluminum_6013'),
('chloroprene_rubber'),
('white_high_impact_styrene'),
('cordierite'),
('stainless_steel_420V'),
('polyethylene_terephthalate'),
('cold_rolled_steel_12L14'),
('stainless_steel_420F'),
('fluorinated_ethylene_propylene'),
('fabric'),
('stainless_steel_429'),
('stainless_steel_420'),
('stainless_steel_422'),
('polyester'),
('polyphenylene_oxide'),
('beech'),
('polyoxymethylene'),
('graphite'),
('synthetic_ruby'),
('titanium_grade_12'),
('fluoroelastomer'),
('titanium_grade_11'),
('polyphenylene_ether_noryl_en-265'),
('stainless_steel_316F'),
('stainless_steel_17-4_PH'),
('cotton'),
('oak'),
('rubber'),
('tin'),
('granite'),
('acrylic'),
('silicon_dioxide'),
('quartz'),
('tool_steel'),
('felt'),
('aluminum_5754'),
('elastomers'),
('brass'),
('aluminum_2024'),
('titanium_6Al-2Sn-4Zr-2Mo'),
('nickel_201'),
('nickel_200'),
('urethane'),
('stainless_steel_384'),
('bronze_642');

insert into amazon_lab_supplies.valid_product_grade values
('U.S.P.'),
('Technical'),
('Lab'),
('Reagent'),
('N.F.'),
('A.C.S.'),
('Purified');

insert into amazon_lab_supplies.valid_currency values
('USD');

insert into amazon_lab_supplies.valid_heat_time_unit_of_measure values
('picoseconds'),
('seconds'),
('nanoseconds'),
('days'),
('hours'),
('microseconds'),
('minutes'),
('milliseconds');

insert into amazon_lab_supplies.valid_missing_keyset_reason values
('NonConsumer'),
('Specialized'),
('PrivateLabel'),
('PreConfigured');

insert into amazon_lab_supplies.valid_item_depth_unit_of_measure values
('DM'),
('FT'),
('nanometers'),
('CM'),
('MM'),
('M'),
('micrometers'),
('IN'),
('picometers');

insert into amazon_lab_supplies.valid_narrow_end_diameter_unit_of_measure values
('DM'),
('FT'),
('nanometers'),
('CM'),
('MM'),
('M'),
('micrometers'),
('IN'),
('picometers');

insert into amazon_lab_supplies.valid_maximum_inlet_pressure_unit_of_measure values
('bars'),
('psi'),
('pascal');

insert into amazon_lab_supplies.valid_maximum_working_volume_unit_of_measure values
('liters per minute'),
('nanoliters per minute'),
('deciliters'),
('liters'),
('picoliters'),
('centiliters'),
('milliliters per second'),
('liters per second'),
('microliters per second'),
('milliliters'),
('picoliters per second'),
('microliters per minute'),
('milliliters per minute'),
('microliters'),
('nanoliters'),
('picoliters per minute'),
('nanoliters per second'),
('centiliters per second');

insert into amazon_lab_supplies.valid_orbit_length_unit_of_measure values
('DM'),
('FT'),
('nanometers'),
('CM'),
('MM'),
('M'),
('micrometers'),
('IN'),
('picometers');

insert into amazon_lab_supplies.valid_update_delete values
('Update'),
('PartialUpdate'),
('Delete');

insert into amazon_lab_supplies.valid_package_weight_unit_of_measure values
('MG'),
('LB'),
('GR'),
('OZ'),
('KG');

insert into amazon_lab_supplies.valid_display_type values
('analog-digital'),
('analog'),
('digital');

insert into amazon_lab_supplies.valid_offering_can_be_gift_messaged values
('True'),
('False');

insert into amazon_lab_supplies.valid_operating_frequency_unit_of_measure values
('MegaHertz'),
('GigaHertz'),
('Hertz'),
('KiloHertz');

insert into amazon_lab_supplies.valid_is_discontinued_by_manufacturer values
('True'),
('False');

insert into amazon_lab_supplies.valid_offering_can_be_giftwrapped values
('True'),
('False');

insert into amazon_lab_supplies.valid_coolant_consumption_rate_unit_of_measure values
('liters per minute'),
('nanoliters per minute'),
('picoliters per minute'),
('milliliters per second'),
('liters per second'),
('microliters per second'),
('picoliters per second'),
('microliters per minute'),
('milliliters per minute'),
('nanoliters per second'),
('centiliters per second');

insert into amazon_lab_supplies.valid_minimum_energy_output_unit_of_measure values
('BTU'),
('joules');

insert into amazon_lab_supplies.valid_maximum_stirring_speed_unit_of_measure values
('RPS'),
('meters per second'),
('millimeters per second'),
('centimeters per second'),
('RPM');

insert into amazon_lab_supplies.valid_pressure_flow_rate_unit_of_measure values
('liters per minute'),
('nanoliters per minute'),
('picoliters per minute'),
('milliliters per second'),
('liters per second'),
('microliters per second'),
('picoliters per second'),
('microliters per minute'),
('milliliters per minute'),
('nanoliters per second'),
('centiliters per second');

insert into amazon_lab_supplies.valid_minimum_dispensing_volume_unit_of_measure values
('liters per minute'),
('nanoliters per minute'),
('picoliters per minute'),
('milliliters per second'),
('liters per second'),
('microliters per second'),
('picoliters per second'),
('microliters per minute'),
('milliliters per minute'),
('nanoliters per second'),
('centiliters per second');

insert into amazon_lab_supplies.valid_light_path_distance_unit_of_measure values
('DM'),
('FT'),
('nanometers'),
('CM'),
('MM'),
('M'),
('micrometers'),
('IN'),
('picometers');

insert into amazon_lab_supplies.valid_volume_tolerance_unit_of_measure values
('liters per minute'),
('nanoliters per minute'),
('picoliters per minute'),
('milliliters per second'),
('liters per second'),
('microliters per second'),
('picoliters per second'),
('microliters per minute'),
('milliliters per minute'),
('nanoliters per second'),
('centiliters per second');

