insert into amazon_mechanical_fasteners.valid_item_dimensions_unit_of_measure values
('DM'),
('FT'),
('CM'),
('MM'),
('M'),
('yards'),
('IN');

insert into amazon_mechanical_fasteners.valid_package_dimensions_unit_of_measure values
('DM'),
('FT'),
('CM'),
('MM'),
('M'),
('yards'),
('IN');

insert into amazon_mechanical_fasteners.valid_thread_type values
('UNS'),
('Metric'),
('BMTP'),
('UNC'),
('UNF');

insert into amazon_mechanical_fasteners.valid_material_type values
('stainless_steel_2205_Hi_N'),
('Aluminum 7050'),
('ceramic'),
('cobalt'),
('Alloy Steel 4140/4142'),
('torlon_4203'),
('f10 wool'),
('Stainless Steel 321'),
('stainless_steel_17-7_PH'),
('nickel_chromium_steel'),
('chromium_steel'),
('absylux'),
('Aluminum 1100'),
('tool_steel_S7'),
('Aluminum 4032'),
('Bronze 863'),
('stainless_steel_314'),
('Silicate'),
('engineering_thermoplastic_polyurethane'),
('polytetrafluoroethylene'),
('VHMW Polyehtylene'),
('polyethylene_fiber'),
('tool_steel_A2'),
('hastelloy'),
('Acetate'),
('teak'),
('bronze_841'),
('silicon_manganese_steel'),
('neoprene'),
('pigskin'),
('torlon_4301'),
('titanium_3Al-8V-6Cr-4Mo-4Zr'),
('Polyester (PET)'),
('polyetherimide'),
('copper_101'),
('silicone_rubber'),
('Carbon Steel 1018'),
('minteral wool'),
('stainless_steel_440C'),
('f5 wool'),
('LDPE Polyethylene'),
('nickel_400'),
('aluminum_7068'),
('brass_260'),
('stainless_steel_nitronic_60'),
('stainless_steel_201'),
('stainless_steel_202'),
('stainless_steel_203'),
('stainless_steel_204'),
('stainless_steel_205'),
('simriz'),
('cold_rolled_steel_1018'),
('Mica'),
('pebax'),
('Polyimide foam'),
('nickel_silver'),
('high_speed_steel'),
('UHMV Polyethylene'),
('HDPE'),
('Torlon (Polyamide-imide)'),
('Bronze 510'),
('zirconia'),
('wire_wound'),
('polystyrene'),
('Stainless Steel A286'),
('Alloy Steel 41L40'),
('stainless_steel_348'),
('polyacrylate'),
('Aluminum 7075'),
('Radel'),
('calcim silicate'),
('aluminum_5052'),
('stainless_steel_18-8'),
('aluminum_5056'),
('Acryllic'),
('Bronze 932'),
('mullite'),
('Bronze 936'),
('gum_rubber'),
('rosewood'),
('aluminum_5251'),
('Nylon 6'),
('aluminum_2011'),
('aluminum_2017'),
('chloroprene_rubber'),
('Felt'),
('PEEK'),
('CTFE'),
('Carbon'),
('cerro_alloys'),
('stainless_steel_304N'),
('stainless_steel_410'),
('stainless_steel_304L'),
('diamond'),
('M42 Tool Steel'),
('stainless_steel_414'),
('stainless_steel_416'),
('stainless_steel_316L'),
('stainless_steel_316N'),
('nickel_chromium_molybdenum_steel'),
('cpvc'),
('glass'),
('aluminum_5020'),
('Silica Glass'),
('aluminum_6262'),
('titanium_5Al-2.5Sn'),
('wool'),
('Santoprene rubber'),
('stainless_steel_2507'),
('viton_extreme'),
('Brass 360'),
('brass_270'),
('titanium_grade_23'),
('f1 wool'),
('Bronze 642'),
('Butyl rubber'),
('chlorosulfonated_polyethylene'),
('hydrogenated_nitrile_butadiene_rubber'),
('Aluminum 5052'),
('titanium'),
('stainless_steel_430F'),
('Natural Latex Rubber'),
('polyurethane'),
('Nickel_Alloy_HX'),
('cold_rolled_steel'),
('pine'),
('Cast Ductile Iron'),
('SBR rubber/ styrene butadiene'),
('bronze_655'),
('white_high_impact_styrene'),
('stainless_steel_309'),
('Viton/FKM/Fluorelastomer rubber'),
('liquid_silicone_rubber'),
('stainless_steel_301'),
('stainless_steel_303'),
('stainless_steel_302'),
('polyamide_imide'),
('stainless_steel_304'),
('melamine foam'),
('polycarbonate'),
('cadmium'),
('Stainless Steel 309'),
('copper_172'),
('Stainless Steel 304'),
('Stainless Steel 301'),
('polyamide_imide_torlon_4203'),
('Stainless Steel 303'),
('Stainless Steel 302'),
('PVC foam'),
('millboard'),
('f7 wool'),
('f26 wool'),
('stainless_steel_317LMN'),
('chromium_molybdenum_steel_4340'),
('aluminum_4032'),
('ECH rubber'),
('Stainless Steel 420'),
('nickel_molybdenum_steel'),
('titanium_15V-3Cr-3Sn-3Al'),
('polyoxymethylene'),
('Ionomer foam'),
('Bronze 544'),
('nickel_276'),
('Buna-N Foam'),
('Aluminum QC-10'),
('titanium_6Al-6V-2Sn'),
('Aluminum 2011'),
('Aluminum 2017'),
('Borosilicate Glass'),
('Zirconia'),
('Chatter_free_tungsten'),
('Nitrile/ acyrlonitrile butadiene/NBR'),
('titanium_3Al-2.5V'),
('steatite'),
('viton'),
('silver'),
('hot_rolled_steel'),
('kevlar'),
('20s2 wool'),
('Copper 122'),
('brass_230'),
('brass_330'),
('inconel'),
('polyimde foam'),
('Cast Gray Iron'),
('Stainless Steel 17-4 PH'),
('polyimide'),
('mahogany'),
('polysulfone'),
('nitinol'),
('EVA foam'),
('chromium_molybdenum_steel'),
('titanium_grade_4'),
('titanium_grade_5'),
('natural_rubber'),
('titanium_grade_7'),
('burlap'),
('titanium_grade_1'),
('titanium_grade_2'),
('titanium_grade_3'),
('bronze_936'),
('bronze_932'),
('galvanized_steel'),
('stainless_steel_308'),
('brass_485'),
('stainless_steel_442'),
('stainless_steel_440'),
('stainless_steel_446'),
('phenolic'),
('kalrez'),
('porcelain'),
('PVC Type I'),
('Aluminum 5005'),
('polytetrafluoroethylene_fluorosint_500_ptfe'),
('aluminum_7075'),
('ethylene_chlorotrifluoroethlyene_turcite_x_etfe'),
('brass_464'),
('Alloy Steel 4150'),
('fluorosilicon'),
('stainless_steel_309S'),
('W1 Tool Steel'),
('cold_rolled_steel_1008'),
('Monel'),
('copper'),
('stainless_steel_302HQ'),
('Aluminum 6013'),
('silicon_carbide'),
('bronze_544'),
('aluminum_6082'),
('maple'),
('plastic'),
('Aluminum 7068'),
('iron
cast_iron'),
('rulon_j'),
('Noryl (Polyphenyl Oxide)'),
('polyethylene foam'),
('brass_360'),
('Aluminum Porous'),
('PVC Type II'),
('Stainless Steel 420V'),
('Expanding Goam'),
('EDH foam'),
('aluminum_6005'),
('copper_102'),
('O1 Tool Steel'),
('steel'),
('bismuth'),
('aluminum_2007'),
('iron'),
('synthetic_sapphire'),
('carbon_steel'),
('Stainless Steel 20'),
('Brass 385'),
('stainless_steel_405'),
('stainless_steel_403'),
('stainless_steel_13-8'),
('fluoropolymer'),
('stainless_steel_409'),
('acrylic_latex'),
('tool_steel_D2'),
('stainless_steel_2205'),
('carbide_tipped'),
('Carbon Steel 1215'),
('stainless_steel_17-4'),
('stainless_steel_17-7'),
('Rulon'),
('titanium_8Al-1Mo-1V'),
('Stainless Steel 440C'),
('Stainless Steel 440A'),
('EPDM rubber'),
('perfluoroelastomer'),
('Carbide'),
('stainless_steel_416Se'),
('Vinyl foam'),
('stainless_steel_15-5_PH'),
('Bronze 655'),
('stainless_steel_430FSe'),
('Nylon 6/6'),
('Acetal Copolymer'),
('Carbon Steel 1045'),
('Neoprene foam'),
('Santoprene foam'),
('stainless_steel_302B'),
('Stainless Steel 13-8 PH'),
('stainless_steel_A286'),
('Hypalon Rubber'),
('polyester'),
('aluminum_5086'),
('Carbon steel 1006'),
('EPDM foam'),
('bronze_903'),
('bronze_863'),
('f3 wool'),
('stainless_steel_305'),
('high_density_polyethylene'),
('Aluminum 3003'),
('Silicone foam'),
('gold'),
('S2 Tool Steel'),
('stainless_steel_316'),
('stainless_steel_317'),
('Spring Steel 1095'),
('stainless_steel_310'),
('titanium_13V-11Cr-3Al'),
('Bronze SAE 841'),
('rulon_lr'),
('fiberglass'),
('A6 Tool Steel'),
('Vinyl Rubber'),
('P20 Tool Steel'),
('PVC CPVC'),
('wood'),
('aluminum_852.0'),
('stainless_steel_384'),
('Bronze'),
('ethylene_vinyl_acetate'),
('polypropylene'),
('polyamide_imide_torlon_4301'),
('Alumina Bisque'),
('tetrafluoroethylene_hexafluoropropylene_vinylidene_fluoride'),
('Stainless Steel 416'),
('Stainless Steel 410'),
('tungsten'),
('bronze_510'),
('silk'),
('Stainless Steel 316'),
('aluminum'),
('leather'),
('nickel*'),
('Gum foam'),
('stainless_steel_440B'),
('stainless_steel_440A'),
('nickel_625'),
('Aluminum 2024'),
('Nylon 6/12'),
('carbon_steel_1010'),
('turcite'),
('hardwood'),
('Copper 182'),
('pvc'),
('Neoprene/ EPDM/SBR foam'),
('petg'),
('antimony'),
('Brass 330'),
('Hydex'),
('A2 Tool Steel'),
('stainless_steel_15-7'),
('stainless_steel_15-5'),
('bronze_630'),
('tool_steel_W1'),
('Delrin'),
('polyolefin'),
('polyetheretherketone'),
('Alloy Steel 8620'),
('Spring Steel 5160'),
('carbon'),
('molded_epoxy'),
('Bronze 220'),
('32s2 wool'),
('Silicon Nitride'),
('UHMW'),
('willow'),
('stainless_steel_436'),
('stainless_steel_434'),
('stainless_steel_431'),
('stainless_steel_430'),
('copper_122'),
('aluminum_mic_6'),
('Alloy Steel 4130'),
('stainless_steel_330'),
('zinc'),
('walnut'),
('chromium'),
('platinum'),
('bronze_385'),
('bronze'),
('Spring Steel 1074/1075'),
('Boron Nitride'),
('bronze_954'),
('Aluminum 5083'),
('rulon_ar'),
('Aluminum 6020'),
('stainless_steel_321'),
('foam rubber'),
('stainless_steel_329'),
('synthetic_polymer'),
('hot_rolled_steel_A36'),
('aluminum_3003'),
('ruby'),
('aluminum_1100'),
('M50 Tool Steel'),
('alloy_steel'),
('perfluoralkoxy'),
('Stainless Steel 15-5 PH'),
('Cobalt'),
('stainless_steel_17-4_PH'),
('PTFE'),
('acrylonitrile_butadiene_styrene'),
('brass_353'),
('thin_film'),
('Stainless Steel 2205'),
('epdm'),
('ABS'),
('ethylene_chlorotrifluoroethlyene_turcite_a_etfe'),
('aluminum_6020'),
('nickel_600'),
('PPS'),
('polyvinylidene_fluoride'),
('fluorocarbon'),
('Alloy Steel 4340'),
('Vinyl/ Buna-N foam'),
('Aluminum 5205'),
('sillimanite'),
('polymethylpentane'),
('foam'),
('stainless_steel_310S'),
('Graphite'),
('aluminum_5005'),
('birch'),
('stainless_steel_347'),
('Brass 464'),
('nylon'),
('nitrile_rubber'),
('Bronze 316'),
('Brass 260'),
('butyl'),
('aluminum_qc_7'),
('pewter'),
('stainless_steel_3RE60'),
('Brass 485'),
('stainless_steel_2304'),
('Teflon PTFE'),
('bronze_316'),
('elm'),
('cherry'),
('chromium_molybdenum_steel_4130'),
('aluminum_5058'),
('Kapton Polymide'),
('Natural gum rubber'),
('Aflas rubber'),
('Carbon Steel 1144'),
('tool_steel_01'),
('copper_110'),
('Bronze 630'),
('cedar'),
('acetal'),
('resin'),
('chloroprene'),
('24s2 wool'),
('cold_rolled_steel_1144'),
('chromium_vanadium_steel'),
('teflon'),
('aluminum_oxide'),
('quartz'),
('stainless_steel_317L'),
('aluminum_6060'),
('aluminum_6061'),
('aluminum_6063'),
('styrene-butadiene_rubber'),
('D2 Tool Steel'),
('Fluorosilicone rubber'),
('lead'),
('copper_182'),
('Vespel Polyimide'),
('manganese_steel'),
('f13 wool'),
('Aluminum 6063'),
('Aluminum 6061'),
('Aluminum 6060'),
('stainless_steel_303Se'),
('Stainless Steel 430'),
('fibralon'),
('brass_385'),
('cellulose'),
('Carbon Steel 12L14'),
('cork'),
('carbide'),
('low_density_polyethylene'),
('PVDF (Kynar)'),
('nickel_steel'),
('Neoprene/ Vinyl/ Buna-N foam'),
('aluminum_6013'),
('Butyrate'),
('molybdenum_steel'),
('Ultem (Polyetherimide)'),
('Copper 101'),
('cordierite'),
('Silicone rubber'),
('Bronze 954'),
('cellular glass'),
('Copper 110'),
('stainless_steel_420V'),
('bubble wrap'),
('polyurethane foam'),
('polyethylene_terephthalate'),
('cold_rolled_steel_12L14'),
('stainless_steel_420F'),
('fluorinated_ethylene_propylene'),
('fabric'),
('M2/M7 Tool Steel'),
('Brass 353'),
('stainless_steel_429'),
('stainless_steel_420'),
('Cirlex Polymide'),
('stainless_steel_422'),
('S7 tool steel'),
('latex'),
('polyethylene'),
('polyphenylene_oxide'),
('FEP'),
('beech'),
('Aluminum 5086'),
('Carbon steel 1020'),
('M4 Tool Steel'),
('stainless_steel'),
('graphite'),
('synthetic_ruby'),
('bronze_220'),
('titanium_grade_12'),
('fluoroelastomer'),
('titanium_grade_11'),
('polyphenylene_ether_noryl_en-265'),
('Carbon Steel 1117'),
('Viton Fluoroelastomer foam'),
('stainless_steel_316F'),
('copper_145'),
('cotton'),
('Buna-N rubber'),
('oak'),
('rubber'),
('tin'),
('Aluminum MIC 6'),
('H13 Tool Steel'),
('acrylic'),
('silicon_dioxide'),
('Bronze 903'),
('Alloy Steel E52100'),
('tool_steel'),
('felt'),
('Stainless Steel Nitronic 60'),
('aluminum_5754'),
('elastomers'),
('velvet'),
('brass'),
('aluminum_2024'),
('PFA'),
('titanium_6Al-2Sn-4Zr-2Mo'),
('silica'),
('Copper 145'),
('nickel_201'),
('nickel_200'),
('urethane'),
('Tungsten_Carbide'),
('Polstrene foam'),
('bronze_642'),
('Aluminum 2007');

insert into amazon_mechanical_fasteners.valid_working_load_limit_unit_of_measure values
('MG'),
('GR'),
('Pounds'),
('Kilograms'),
('OZ');

insert into amazon_mechanical_fasteners.valid_item_diameter_unit_of_measure values
('DM'),
('FT'),
('CM'),
('MM'),
('M'),
('yards'),
('IN');

insert into amazon_mechanical_fasteners.valid_screw_point_style values
('Flat'),
('Type 1'),
('Cup'),
('Type 23'),
('1/2 Dog Point'),
('Type 25'),
('Dog'),
('Type AB'),
('Tapered Self-Piercing'),
('Machine'),
('Type F'),
('Self-Tapping'),
('Cone'),
('Oval'),
('Self-Drilling'),
('Type B'),
('Knurled Cup'),
('Type A');

insert into amazon_mechanical_fasteners.valid_currency values
('USD');

insert into amazon_mechanical_fasteners.valid_self_locking_mechanism_type values
('Nylon Patch');

insert into amazon_mechanical_fasteners.valid_grade_rating values
('Grade 2'),
('Grade 3'),
('Grade 1'),
('Grade 6'),
('Grade 7'),
('Grade 4'),
('Grade 5'),
('Grade 8'),
('Grade 9'),
('Grade 10'),
('Grade 11'),
('Grade 12'),
('Grade 8.8');

insert into amazon_mechanical_fasteners.valid_cpsia_cautionary_statement values
('no_warning_applicable'),
('choking_hazard_contains_a_marble'),
('contains_small_magnets'),
('choking_hazard_is_a_marble'),
('choking_hazard_balloon'),
('choking_hazard_small_parts'),
('choking_hazard_contains_small_ball'),
('choking_hazard_is_a_small_ball');

insert into amazon_mechanical_fasteners.valid_exterior_finish values
('Corrosion Resistant'),
('Nickle Plated'),
('Chrome Plating'),
('Chrome'),
('HRAP'),
('Oxygen-Free'),
('Electro-Galvanized'),
('Laminated'),
('No. 2 Finish'),
('Oxide Coating'),
('Painted/Metal'),
('Nickel Plated'),
('Nylon Coated'),
('Nickel Plating'),
('Mill'),
('Clear Anodized Coating'),
('chrome'),
('Gold Dichromate Finish'),
('Bright Finish'),
('Matte'),
('Hydrophilic Treatment'),
('Light Oxide'),
('paint'),
('Galvanized'),
('Plain'),
('Annealed'),
('Brushed'),
('Metallic Finish'),
('Black Oxide Finish'),
('chrome-plated'),
('Centerless Ground'),
('Clear Anodized'),
('Brass Pre-Plated Steel'),
('Cold Rolled'),
('Mirror Like'),
('Phosphate Coating'),
('Black Oxide'),
('Bondable (Etched)'),
('Polished'),
('Carbon Steel'),
('Mild Steel, Zinc Plating'),
('Passivated'),
('Black Finish'),
('Black Oxide Plating'),
('Blue Perma Seal'),
('Bright'),
('Chrome Steel'),
('Mirror'),
('Bright Chrome Plated'),
('Milled'),
('Finish- Painted/Metal'),
('Ground');

insert into amazon_mechanical_fasteners.valid_inside_diameter_tolerance_string_unit_of_measure values
('DM'),
('FT'),
('CM'),
('MM'),
('M'),
('yards'),
('IN');

insert into amazon_mechanical_fasteners.valid_shoulder_diameter_unit_of_measure values
('DM'),
('FT'),
('CM'),
('MM'),
('M'),
('yards'),
('IN');

insert into amazon_mechanical_fasteners.valid_website_shipping_weight_unit_of_measure values
('MG'),
('GR'),
('Pounds'),
('Kilograms'),
('OZ');

insert into amazon_mechanical_fasteners.valid_magnetic_pull_capacity_unit_of_measure values
('MG'),
('GR'),
('Pounds'),
('Kilograms'),
('OZ');

insert into amazon_mechanical_fasteners.valid_shoulder_length_unit_of_measure values
('DM'),
('FT'),
('CM'),
('MM'),
('M'),
('yards'),
('IN');

insert into amazon_mechanical_fasteners.valid_minimum_embedment_depth_unit_of_measure values
('DM'),
('FT'),
('CM'),
('MM'),
('M'),
('yards'),
('IN');

insert into amazon_mechanical_fasteners.valid_item_thickness_unit_of_measure values
('DM'),
('FT'),
('CM'),
('MM'),
('M'),
('yards'),
('IN');

insert into amazon_mechanical_fasteners.valid_country_of_origin values
('Canada'),
('Guinea-Bissau'),
('Saint Helena'),
('Unknown'),
('Lithuania'),
('Cambodia'),
('Switzerland'),
('Ethiopia'),
('Aruba'),
('Swaziland'),
('Argentina'),
('Bolivia'),
('Cameroon'),
('Burkina Faso'),
('Turkmenistan'),
('Ghana'),
('Saudi Arabia'),
('Togo'),
('Japan'),
('Cape Verde'),
('Cocos (Keeling) Islands'),
('Slovenia'),
('Guatemala'),
('Bosnia and Herzegovina'),
('Kuwait'),
('Burma (Myanmar)'),
('Jordan'),
('Dominica'),
('Liberia'),
('Maldives'),
('Jamaica'),
('Oman'),
('Tanzania'),
('Martinique'),
('Saint Kitts And Nevis'),
('Ivory Coast'),
('Albania'),
('Gabon'),
('Niue'),
('Monaco'),
('Wallis and Futuna'),
('New Zealand'),
('Yemen'),
('Jersey'),
('Andorra'),
('Greenland'),
('Samoa'),
('Macau'),
('S. Georgia and S. Sandwich Isls.'),
('Norfolk Island'),
('United Arab Emirates'),
('Guam'),
('India'),
('Azerbaijan'),
('Lesotho'),
('Saint Vincent And The Grenadines'),
('Kenya'),
('South Korea'),
('Tajikistan'),
('Turkey'),
('Afghanistan'),
('Bangladesh'),
('Mauritania'),
('Solomon Islands'),
('Saint Lucia'),
('Hungary'),
('San Marino'),
('French Polynesia'),
('France'),
('Bermuda'),
('Slovakia'),
('Somalia'),
('Peru'),
('Laos'),
('Nauru'),
('Seychelles'),
('Norway'),
('Malawi'),
('Cook Islands'),
('Benin'),
('Western Sahara'),
('Cuba'),
('Republic of the Congo'),
('Mayotte'),
('China'),
('Armenia'),
('Dominican Republic'),
('Mongolia'),
('Ukraine'),
('Bahrain'),
('Tonga'),
('Finland'),
('Libya'),
('New Caledonia'),
('Cayman Islands'),
('Central African Republic'),
('Heard and McDonald Islands'),
('Mauritius'),
('Liechtenstein'),
('Australia'),
('Antigua And Barbuda'),
('Mali'),
('Russia'),
('Bulgaria'),
('United States'),
('Romania'),
('Angola'),
('French Southern Territories'),
('Chad'),
('South Africa'),
('Tokelau'),
('Cyprus'),
('Sweden'),
('Qatar'),
('Malaysia'),
('Austria'),
('Vietnam'),
('Mozambique'),
('Uganda'),
('Canary Islands'),
('British Virgin Islands'),
('Niger'),
('Isle of Man'),
('Brazil'),
('Turks And Caicos Islands'),
('Falkland Islands'),
('Faroe Islands'),
('Guinea'),
('Panama'),
('Costa Rica'),
('Luxembourg'),
('American Samoa'),
('Bahamas'),
('Gibraltar'),
('Ireland'),
('Pakistan'),
('Palau'),
('Nigeria'),
('Ecuador'),
('Czech Republic'),
('US Virgin Islands'),
('Brunei'),
('Belarus'),
('Iran'),
('Algeria'),
('Svalbard'),
('El Salvador'),
('Tuvalu'),
('Zaire'),
('Pitcairn Islands'),
('Saint Pierre and Miquelon'),
('Marshall Islands'),
('Chile'),
('Puerto Rico'),
('Belgium'),
('Kiribati'),
('Haiti'),
('Belize'),
('Hong Kong'),
('Sierra Leone'),
('Georgia'),
('Gambia'),
('Philippines'),
('Sao Tome And Principe'),
('Moldova'),
('Holy See (Vatican City)'),
('Croatia'),
('Micronesia'),
('Guernsey'),
('Thailand'),
('Namibia'),
('Grenada'),
('Iraq'),
('Portugal'),
('Estonia'),
('Uruguay'),
('Equatorial Guinea'),
('Lebanon'),
('Uzbekistan'),
('Tunisia'),
('Djibouti'),
('Rwanda'),
('Timor-Leste'),
('Spain'),
('Colombia'),
('Reunion'),
('Burundi'),
('Taiwan'),
('Fiji'),
('Barbados'),
('Madagascar'),
('Italy'),
('Bhutan'),
('Sudan'),
('Nepal'),
('Malta'),
('Democratic Republic of the Congo'),
('Netherlands'),
('Northern Mariana Islands'),
('Suriname'),
('Anguilla'),
('Venezuela'),
('Netherlands Antilles'),
('Aland Islands'),
('Israel'),
('Indonesia'),
('Iceland'),
('Zambia'),
('Senegal'),
('Papua New Guinea'),
('Zimbabwe'),
('Germany'),
('Vanuatu'),
('Denmark'),
('Saint-Martin'),
('Kazakhstan'),
('Poland'),
('Eritrea'),
('Kyrgyzstan'),
('Palestinian Territory'),
('British Indian Ocean Territory'),
('Montserrat'),
('Mexico'),
('Macedonia'),
('North Korea'),
('Sri Lanka'),
('Latvia'),
('Guyana'),
('Syria'),
('Guadeloupe'),
('Morocco'),
('Honduras'),
('Bouvet Island'),
('Egypt'),
('Nicaragua'),
('Singapore'),
('Serbia'),
('Botswana'),
('United Kingdom'),
('Trinidad And Tobago'),
('Antarctica'),
('Christmas Island'),
('Greece'),
('Paraguay'),
('French Guiana'),
('Comoros'),
('US Minor Outlying Islands');

insert into amazon_mechanical_fasteners.valid_uncompressed_diameter_unit_of_measure values
('DM'),
('FT'),
('CM'),
('MM'),
('M'),
('yards'),
('IN');

insert into amazon_mechanical_fasteners.valid_compatible_groove_depth_unit_of_measure values
('DM'),
('FT'),
('CM'),
('MM'),
('M'),
('yards'),
('IN');

insert into amazon_mechanical_fasteners.valid_lower_temperature_rating_unit_of_measure values
('C'),
('F');

insert into amazon_mechanical_fasteners.valid_drive_system values
('Slotted'),
('Supadriv'),
('Double Hex'),
('Cross'),
('Tri-wing'),
('Phillips'),
('Triple Square'),
('Tamper-Resistant Tri-Groove'),
('Frearson'),
('Star'),
('Tamper-Resistant Drilled Spanner'),
('Internal Hex'),
('Tamper Resistant Pin-in-Star'),
('Combination Phillips-Slotted'),
('Clutch'),
('Internal Square'),
('Tamper Resistant One-Way'),
('Uni-Drive'),
('Pozidriv'),
('JIS'),
('Bristol'),
('Phillips/Square'),
('Torq-set'),
('External Square'),
('External Hex'),
('Tamper-Resistant Pin-In-Hex'),
('Pentagon'),
('Spline');

insert into amazon_mechanical_fasteners.valid_external_product_id_type values
('GCID'),
('GTIN'),
('UPC'),
('EAN');

insert into amazon_mechanical_fasteners.valid_compatible_groove_diameter_unit_of_measure values
('DM'),
('FT'),
('CM'),
('MM'),
('M'),
('yards'),
('IN');

insert into amazon_mechanical_fasteners.valid_measurement_system values
('Inch'),
('Metric');

insert into amazon_mechanical_fasteners.valid_compatible_with_pipe_size_string values
('true'),
('TRUE'),
('false'),
('FALSE');

insert into amazon_mechanical_fasteners.valid_product_tax_code values
('A_GEN_NOTAX');

insert into amazon_mechanical_fasteners.valid_maximum_shear_strength_unit_of_measure values
('newton_millimeters'),
('psi'),
('newton_centimeters'),
('newton_meters');

insert into amazon_mechanical_fasteners.valid_head_diameter_tolerance_unit_of_measure values
('DM'),
('FT'),
('CM'),
('MM'),
('M'),
('yards'),
('IN');

insert into amazon_mechanical_fasteners.valid_maximum_compatible_thickness_unit_of_measure values
('DM'),
('FT'),
('CM'),
('MM'),
('M'),
('yards'),
('IN');

insert into amazon_mechanical_fasteners.valid_point_material_type values
('stainless_steel_2205_Hi_N'),
('Aluminum 7050'),
('ceramic'),
('cobalt'),
('Alloy Steel 4140/4142'),
('torlon_4203'),
('f10 wool'),
('Stainless Steel 321'),
('stainless_steel_17-7_PH'),
('nickel_chromium_steel'),
('chromium_steel'),
('absylux'),
('Aluminum 1100'),
('tool_steel_S7'),
('Aluminum 4032'),
('Bronze 863'),
('stainless_steel_314'),
('Silicate'),
('engineering_thermoplastic_polyurethane'),
('polytetrafluoroethylene'),
('VHMW Polyehtylene'),
('polyethylene_fiber'),
('tool_steel_A2'),
('hastelloy'),
('Acetate'),
('teak'),
('bronze_841'),
('silicon_manganese_steel'),
('neoprene'),
('pigskin'),
('torlon_4301'),
('titanium_3Al-8V-6Cr-4Mo-4Zr'),
('Polyester (PET)'),
('polyetherimide'),
('copper_101'),
('silicone_rubber'),
('Carbon Steel 1018'),
('minteral wool'),
('stainless_steel_440C'),
('f5 wool'),
('LDPE Polyethylene'),
('nickel_400'),
('aluminum_7068'),
('brass_260'),
('stainless_steel_nitronic_60'),
('stainless_steel_201'),
('stainless_steel_202'),
('stainless_steel_203'),
('stainless_steel_204'),
('stainless_steel_205'),
('simriz'),
('cold_rolled_steel_1018'),
('Mica'),
('pebax'),
('Polyimide foam'),
('nickel_silver'),
('high_speed_steel'),
('UHMV Polyethylene'),
('HDPE'),
('Torlon (Polyamide-imide)'),
('Bronze 510'),
('zirconia'),
('wire_wound'),
('polystyrene'),
('Stainless Steel A286'),
('Alloy Steel 41L40'),
('stainless_steel_348'),
('polyacrylate'),
('Aluminum 7075'),
('Radel'),
('calcim silicate'),
('aluminum_5052'),
('stainless_steel_18-8'),
('aluminum_5056'),
('Acryllic'),
('Bronze 932'),
('mullite'),
('Bronze 936'),
('gum_rubber'),
('rosewood'),
('aluminum_5251'),
('Nylon 6'),
('aluminum_2011'),
('aluminum_2017'),
('chloroprene_rubber'),
('Felt'),
('PEEK'),
('CTFE'),
('Carbon'),
('cerro_alloys'),
('stainless_steel_304N'),
('stainless_steel_410'),
('stainless_steel_304L'),
('diamond'),
('M42 Tool Steel'),
('stainless_steel_414'),
('stainless_steel_416'),
('stainless_steel_316L'),
('stainless_steel_316N'),
('nickel_chromium_molybdenum_steel'),
('cpvc'),
('glass'),
('aluminum_5020'),
('Silica Glass'),
('aluminum_6262'),
('titanium_5Al-2.5Sn'),
('wool'),
('Santoprene rubber'),
('stainless_steel_2507'),
('viton_extreme'),
('Brass 360'),
('brass_270'),
('titanium_grade_23'),
('f1 wool'),
('Bronze 642'),
('Butyl rubber'),
('chlorosulfonated_polyethylene'),
('hydrogenated_nitrile_butadiene_rubber'),
('Aluminum 5052'),
('titanium'),
('stainless_steel_430F'),
('Natural Latex Rubber'),
('polyurethane'),
('Nickel_Alloy_HX'),
('cold_rolled_steel'),
('pine'),
('Cast Ductile Iron'),
('SBR rubber/ styrene butadiene'),
('bronze_655'),
('white_high_impact_styrene'),
('stainless_steel_309'),
('Viton/FKM/Fluorelastomer rubber'),
('liquid_silicone_rubber'),
('stainless_steel_301'),
('stainless_steel_303'),
('stainless_steel_302'),
('polyamide_imide'),
('stainless_steel_304'),
('melamine foam'),
('polycarbonate'),
('cadmium'),
('Stainless Steel 309'),
('copper_172'),
('Stainless Steel 304'),
('Stainless Steel 301'),
('polyamide_imide_torlon_4203'),
('Stainless Steel 303'),
('Stainless Steel 302'),
('PVC foam'),
('millboard'),
('f7 wool'),
('f26 wool'),
('stainless_steel_317LMN'),
('chromium_molybdenum_steel_4340'),
('aluminum_4032'),
('ECH rubber'),
('Stainless Steel 420'),
('nickel_molybdenum_steel'),
('titanium_15V-3Cr-3Sn-3Al'),
('polyoxymethylene'),
('Ionomer foam'),
('Bronze 544'),
('nickel_276'),
('Buna-N Foam'),
('Aluminum QC-10'),
('titanium_6Al-6V-2Sn'),
('Aluminum 2011'),
('Aluminum 2017'),
('Borosilicate Glass'),
('Zirconia'),
('Chatter_free_tungsten'),
('Nitrile/ acyrlonitrile butadiene/NBR'),
('titanium_3Al-2.5V'),
('steatite'),
('viton'),
('silver'),
('hot_rolled_steel'),
('kevlar'),
('20s2 wool'),
('Copper 122'),
('brass_230'),
('brass_330'),
('inconel'),
('polyimde foam'),
('Cast Gray Iron'),
('Stainless Steel 17-4 PH'),
('polyimide'),
('mahogany'),
('polysulfone'),
('nitinol'),
('EVA foam'),
('chromium_molybdenum_steel'),
('titanium_grade_4'),
('titanium_grade_5'),
('natural_rubber'),
('titanium_grade_7'),
('burlap'),
('titanium_grade_1'),
('titanium_grade_2'),
('titanium_grade_3'),
('bronze_936'),
('bronze_932'),
('galvanized_steel'),
('stainless_steel_308'),
('brass_485'),
('stainless_steel_442'),
('stainless_steel_440'),
('stainless_steel_446'),
('phenolic'),
('kalrez'),
('porcelain'),
('PVC Type I'),
('Aluminum 5005'),
('polytetrafluoroethylene_fluorosint_500_ptfe'),
('aluminum_7075'),
('ethylene_chlorotrifluoroethlyene_turcite_x_etfe'),
('brass_464'),
('Alloy Steel 4150'),
('fluorosilicon'),
('stainless_steel_309S'),
('W1 Tool Steel'),
('cold_rolled_steel_1008'),
('Monel'),
('copper'),
('stainless_steel_302HQ'),
('Aluminum 6013'),
('silicon_carbide'),
('bronze_544'),
('aluminum_6082'),
('maple'),
('plastic'),
('Aluminum 7068'),
('iron
cast_iron'),
('rulon_j'),
('Noryl (Polyphenyl Oxide)'),
('polyethylene foam'),
('brass_360'),
('Aluminum Porous'),
('PVC Type II'),
('Stainless Steel 420V'),
('Expanding Goam'),
('EDH foam'),
('aluminum_6005'),
('copper_102'),
('O1 Tool Steel'),
('steel'),
('bismuth'),
('aluminum_2007'),
('iron'),
('synthetic_sapphire'),
('carbon_steel'),
('Stainless Steel 20'),
('Brass 385'),
('stainless_steel_405'),
('stainless_steel_403'),
('stainless_steel_13-8'),
('fluoropolymer'),
('stainless_steel_409'),
('acrylic_latex'),
('tool_steel_D2'),
('stainless_steel_2205'),
('carbide_tipped'),
('Carbon Steel 1215'),
('stainless_steel_17-4'),
('stainless_steel_17-7'),
('Rulon'),
('titanium_8Al-1Mo-1V'),
('Stainless Steel 440C'),
('Stainless Steel 440A'),
('EPDM rubber'),
('perfluoroelastomer'),
('Carbide'),
('stainless_steel_416Se'),
('Vinyl foam'),
('stainless_steel_15-5_PH'),
('Bronze 655'),
('stainless_steel_430FSe'),
('Nylon 6/6'),
('Acetal Copolymer'),
('Carbon Steel 1045'),
('Neoprene foam'),
('Santoprene foam'),
('stainless_steel_302B'),
('Stainless Steel 13-8 PH'),
('stainless_steel_A286'),
('Hypalon Rubber'),
('polyester'),
('aluminum_5086'),
('Carbon steel 1006'),
('EPDM foam'),
('bronze_903'),
('bronze_863'),
('f3 wool'),
('stainless_steel_305'),
('high_density_polyethylene'),
('Aluminum 3003'),
('Silicone foam'),
('gold'),
('S2 Tool Steel'),
('stainless_steel_316'),
('stainless_steel_317'),
('Spring Steel 1095'),
('stainless_steel_310'),
('titanium_13V-11Cr-3Al'),
('Bronze SAE 841'),
('rulon_lr'),
('fiberglass'),
('A6 Tool Steel'),
('Vinyl Rubber'),
('P20 Tool Steel'),
('PVC CPVC'),
('wood'),
('aluminum_852.0'),
('stainless_steel_384'),
('Bronze'),
('ethylene_vinyl_acetate'),
('polypropylene'),
('polyamide_imide_torlon_4301'),
('Alumina Bisque'),
('tetrafluoroethylene_hexafluoropropylene_vinylidene_fluoride'),
('Stainless Steel 416'),
('Stainless Steel 410'),
('tungsten'),
('bronze_510'),
('silk'),
('Stainless Steel 316'),
('aluminum'),
('leather'),
('nickel*'),
('Gum foam'),
('stainless_steel_440B'),
('stainless_steel_440A'),
('nickel_625'),
('Aluminum 2024'),
('Nylon 6/12'),
('carbon_steel_1010'),
('turcite'),
('hardwood'),
('Copper 182'),
('pvc'),
('Neoprene/ EPDM/SBR foam'),
('petg'),
('antimony'),
('Brass 330'),
('Hydex'),
('A2 Tool Steel'),
('stainless_steel_15-7'),
('stainless_steel_15-5'),
('bronze_630'),
('tool_steel_W1'),
('Delrin'),
('polyolefin'),
('polyetheretherketone'),
('Alloy Steel 8620'),
('Spring Steel 5160'),
('carbon'),
('molded_epoxy'),
('Bronze 220'),
('32s2 wool'),
('Silicon Nitride'),
('UHMW'),
('willow'),
('stainless_steel_436'),
('stainless_steel_434'),
('stainless_steel_431'),
('stainless_steel_430'),
('copper_122'),
('aluminum_mic_6'),
('Alloy Steel 4130'),
('stainless_steel_330'),
('zinc'),
('walnut'),
('chromium'),
('platinum'),
('bronze_385'),
('bronze'),
('Spring Steel 1074/1075'),
('Boron Nitride'),
('bronze_954'),
('Aluminum 5083'),
('rulon_ar'),
('Aluminum 6020'),
('stainless_steel_321'),
('foam rubber'),
('stainless_steel_329'),
('synthetic_polymer'),
('hot_rolled_steel_A36'),
('aluminum_3003'),
('ruby'),
('aluminum_1100'),
('M50 Tool Steel'),
('alloy_steel'),
('perfluoralkoxy'),
('Stainless Steel 15-5 PH'),
('Cobalt'),
('stainless_steel_17-4_PH'),
('PTFE'),
('acrylonitrile_butadiene_styrene'),
('brass_353'),
('thin_film'),
('Stainless Steel 2205'),
('epdm'),
('ABS'),
('ethylene_chlorotrifluoroethlyene_turcite_a_etfe'),
('aluminum_6020'),
('nickel_600'),
('PPS'),
('polyvinylidene_fluoride'),
('fluorocarbon'),
('Alloy Steel 4340'),
('Vinyl/ Buna-N foam'),
('Aluminum 5205'),
('sillimanite'),
('polymethylpentane'),
('foam'),
('stainless_steel_310S'),
('Graphite'),
('aluminum_5005'),
('birch'),
('stainless_steel_347'),
('Brass 464'),
('nylon'),
('nitrile_rubber'),
('Bronze 316'),
('Brass 260'),
('butyl'),
('aluminum_qc_7'),
('pewter'),
('stainless_steel_3RE60'),
('Brass 485'),
('stainless_steel_2304'),
('Teflon PTFE'),
('bronze_316'),
('elm'),
('cherry'),
('chromium_molybdenum_steel_4130'),
('aluminum_5058'),
('Kapton Polymide'),
('Natural gum rubber'),
('Aflas rubber'),
('Carbon Steel 1144'),
('tool_steel_01'),
('copper_110'),
('Bronze 630'),
('cedar'),
('acetal'),
('resin'),
('chloroprene'),
('24s2 wool'),
('cold_rolled_steel_1144'),
('chromium_vanadium_steel'),
('teflon'),
('aluminum_oxide'),
('quartz'),
('stainless_steel_317L'),
('aluminum_6060'),
('aluminum_6061'),
('aluminum_6063'),
('styrene-butadiene_rubber'),
('D2 Tool Steel'),
('Fluorosilicone rubber'),
('lead'),
('copper_182'),
('Vespel Polyimide'),
('manganese_steel'),
('f13 wool'),
('Aluminum 6063'),
('Aluminum 6061'),
('Aluminum 6060'),
('stainless_steel_303Se'),
('Stainless Steel 430'),
('fibralon'),
('brass_385'),
('cellulose'),
('Carbon Steel 12L14'),
('cork'),
('carbide'),
('low_density_polyethylene'),
('PVDF (Kynar)'),
('nickel_steel'),
('Neoprene/ Vinyl/ Buna-N foam'),
('aluminum_6013'),
('Butyrate'),
('molybdenum_steel'),
('Ultem (Polyetherimide)'),
('Copper 101'),
('cordierite'),
('Silicone rubber'),
('Bronze 954'),
('cellular glass'),
('Copper 110'),
('stainless_steel_420V'),
('bubble wrap'),
('polyurethane foam'),
('polyethylene_terephthalate'),
('cold_rolled_steel_12L14'),
('stainless_steel_420F'),
('fluorinated_ethylene_propylene'),
('fabric'),
('M2/M7 Tool Steel'),
('Brass 353'),
('stainless_steel_429'),
('stainless_steel_420'),
('Cirlex Polymide'),
('stainless_steel_422'),
('S7 tool steel'),
('latex'),
('polyethylene'),
('polyphenylene_oxide'),
('FEP'),
('beech'),
('Aluminum 5086'),
('Carbon steel 1020'),
('M4 Tool Steel'),
('stainless_steel'),
('graphite'),
('synthetic_ruby'),
('bronze_220'),
('titanium_grade_12'),
('fluoroelastomer'),
('titanium_grade_11'),
('polyphenylene_ether_noryl_en-265'),
('Carbon Steel 1117'),
('Viton Fluoroelastomer foam'),
('stainless_steel_316F'),
('copper_145'),
('cotton'),
('Buna-N rubber'),
('oak'),
('rubber'),
('tin'),
('Aluminum MIC 6'),
('H13 Tool Steel'),
('acrylic'),
('silicon_dioxide'),
('Bronze 903'),
('Alloy Steel E52100'),
('tool_steel'),
('felt'),
('Stainless Steel Nitronic 60'),
('aluminum_5754'),
('elastomers'),
('velvet'),
('brass'),
('aluminum_2024'),
('PFA'),
('titanium_6Al-2Sn-4Zr-2Mo'),
('silica'),
('Copper 145'),
('nickel_201'),
('nickel_200'),
('urethane'),
('Tungsten_Carbide'),
('Polstrene foam'),
('bronze_642'),
('Aluminum 2007');

insert into amazon_mechanical_fasteners.valid_item_weight_unit_of_measure values
('MG'),
('GR'),
('Pounds'),
('Kilograms'),
('OZ');

insert into amazon_mechanical_fasteners.valid_update_delete values
('Update'),
('PartialUpdate'),
('Delete');

insert into amazon_mechanical_fasteners.valid_indentation_hardness_unit_of_measure values
('shore_ooo'),
('shore_m'),
('shore_ooo_s'),
('shore_o'),
('shore_a'),
('brinnell'),
('shore_b'),
('shore_e'),
('shore_d'),
('shore_oo'),
('vickers'),
('shore_c'),
('rockwell_d'),
('shore_do'),
('rockwell_a'),
('rockwell_b'),
('rockwell_c');

insert into amazon_mechanical_fasteners.valid_wing_span_unit_of_measure values
('DM'),
('FT'),
('CM'),
('MM'),
('M'),
('yards'),
('IN');

insert into amazon_mechanical_fasteners.valid_shoulder_diameter_tolerance_unit_of_measure values
('DM'),
('FT'),
('CM'),
('MM'),
('M'),
('yards'),
('IN');

insert into amazon_mechanical_fasteners.valid_nominal_outside_diameter_unit_of_measure values
('DM'),
('FT'),
('CM'),
('MM'),
('M'),
('yards'),
('IN');

insert into amazon_mechanical_fasteners.valid_head_height_unit_of_measure values
('DM'),
('FT'),
('CM'),
('MM'),
('M'),
('yards'),
('IN');

insert into amazon_mechanical_fasteners.valid_upper_temperature_rating_unit_of_measure values
('C'),
('F');

insert into amazon_mechanical_fasteners.valid_maximum_double_shear_strength_unit_of_measure values
('newton_millimeters'),
('psi'),
('newton_centimeters'),
('newton_meters');

insert into amazon_mechanical_fasteners.valid_inside_thread_size_unit_of_measure values
('DM'),
('FT'),
('CM'),
('MM'),
('M'),
('yards'),
('IN');

insert into amazon_mechanical_fasteners.valid_inside_diameter_unit_of_measure values
('DM'),
('FT'),
('CM'),
('MM'),
('M'),
('yards'),
('IN');

insert into amazon_mechanical_fasteners.valid_screw_head_style values
('Modified Truss'),
('Knurled'),
('Hex'),
('Oval Undercut'),
('Spade (without Shoulder)'),
('Spade (with Shoulder)'),
('Flat Undercut'),
('Pan'),
('Binding Undercut'),
('Flat'),
('Flanged Hex'),
('Flat Fillister'),
('Low Head Socket Cap'),
('None'),
('Fillister'),
('Socket Cap'),
('Button'),
('Hex Washer'),
('Round'),
('Cheese'),
('Bugle'),
('Square'),
('button'),
('Binding'),
('Flat Self-Sealing'),
('Oval'),
('Truss');

insert into amazon_mechanical_fasteners.valid_compatible_with_torx_wrench values
('true'),
('TRUE'),
('false'),
('FALSE');

insert into amazon_mechanical_fasteners.valid_shoulder_length_tolerance_unit_of_measure values
('DM'),
('FT'),
('CM'),
('MM'),
('M'),
('yards'),
('IN');

insert into amazon_mechanical_fasteners.valid_item_thickness_tolerance_unit_of_measure values
('DM'),
('FT'),
('CM'),
('MM'),
('M'),
('yards'),
('IN');

insert into amazon_mechanical_fasteners.valid_thread_style values
('Left Hand & Right Hand'),
('Right Hand'),
('Left Hand');

insert into amazon_mechanical_fasteners.valid_compatible_with_inside_diameter_unit_of_measure values
('DM'),
('FT'),
('CM'),
('MM'),
('M'),
('yards'),
('IN');

insert into amazon_mechanical_fasteners.valid_offering_can_be_giftwrapped values
('True'),
('False');

insert into amazon_mechanical_fasteners.valid_head_diameter_unit_of_measure values
('DM'),
('FT'),
('CM'),
('MM'),
('M'),
('yards'),
('IN');

insert into amazon_mechanical_fasteners.valid_minimum_compatible_thickness_unit_of_measure values
('DM'),
('FT'),
('CM'),
('MM'),
('M'),
('yards'),
('IN');

insert into amazon_mechanical_fasteners.valid_outside_thread_size_unit_of_measure values
('DM'),
('FT'),
('CM'),
('MM'),
('M'),
('yards'),
('IN');

insert into amazon_mechanical_fasteners.valid_head_height_tolerance_unit_of_measure values
('DM'),
('FT'),
('CM'),
('MM'),
('M'),
('yards'),
('IN');

insert into amazon_mechanical_fasteners.valid_thread_length_unit_of_measure values
('DM'),
('FT'),
('CM'),
('MM'),
('M'),
('yards'),
('IN');

insert into amazon_mechanical_fasteners.valid_missing_keyset_reason values
('NonConsumer'),
('Specialized'),
('PrivateLabel'),
('PreConfigured');

insert into amazon_mechanical_fasteners.valid_color_name values
('Blue'),
('Brown'),
('Gold'),
('Copper'),
('Purple'),
('Grey'),
('Yellow'),
('Multicolored'),
('Black'),
('Red'),
('Pink'),
('silver'),
('Orange'),
('Green'),
('White'),
('copper'),
('Silver'),
('Bronze'),
('Cream');

insert into amazon_mechanical_fasteners.valid_item_depth_unit_of_measure values
('DM'),
('FT'),
('CM'),
('MM'),
('M'),
('yards'),
('IN');

insert into amazon_mechanical_fasteners.valid_prop_65 values
('True'),
('False');

insert into amazon_mechanical_fasteners.valid_package_weight_unit_of_measure values
('MG'),
('GR'),
('Pounds'),
('Kilograms'),
('OZ');

insert into amazon_mechanical_fasteners.valid_offering_can_be_gift_messaged values
('True'),
('False');

insert into amazon_mechanical_fasteners.valid_fulfillment_center_id values
('DEFAULT'),
('AMAZON_NA');

insert into amazon_mechanical_fasteners.valid_thread_pitch_unit_of_measure values
('yards'),
('inches'),
('feet'),
('decimeters'),
('meters'),
('millimeters'),
('centimeters');

insert into amazon_mechanical_fasteners.valid_compatible_groove_width_unit_of_measure values
('DM'),
('FT'),
('CM'),
('MM'),
('M'),
('yards'),
('IN');

