insert into amazon_pet_supplies.valid_related_product_id_type values
('GCID'),
('ASIN'),
('EAN'),
('UPC'),
('GTIN');

insert into amazon_pet_supplies.valid_lithium_battery_packaging values
('batteries_contained_in_equipment'),
('batteries_only'),
('batteries_packed_with_equipment');

insert into amazon_pet_supplies.valid_package_dimensions_unit_of_measure values
('FT'),
('CM'),
('MM'),
('M'),
('IN');

insert into amazon_pet_supplies.valid_country_string values
('Canada'),
('Saint Martin'),
('Turkmenistan'),
('Saint Helena'),
('Lithuania'),
('Cambodia'),
('Switzerland'),
('Ethiopia'),
('Aruba'),
('Swaziland'),
('Argentina'),
('Bolivia'),
('Cameroon'),
('Burkina Faso'),
('Ghana'),
('Saudi Arabia'),
('Yemen'),
('Togo'),
('Japan'),
('Wallis & Futuna'),
('Cape Verde'),
('Northern Mariana Islands'),
('Slovenia'),
('Guatemala'),
('Zimbabwe'),
('Kuwait'),
('Jordan'),
('Dominica'),
('Liberia'),
('Maldives'),
('Jamaica'),
('Trinidad & Tobago'),
('Oman'),
('Tanzania'),
('Martinique'),
('Ivory Coast'),
('Albania'),
('Gabon'),
('Niue'),
('Monaco'),
('New Zealand'),
('Saint Pierre & Miquelon'),
('Jersey'),
('Andorra'),
('Greenland'),
('Samoa'),
('Macau'),
('Norfolk Island'),
('United Arab Emirates'),
('Guam'),
('Uruguay'),
('India'),
('Azerbaijan'),
('Lesotho'),
('Cyprus'),
('South Korea'),
('Tajikistan'),
('Turkey'),
('Afghanistan'),
('Bangladesh'),
('Mauritania'),
('Solomon Islands'),
('Saint Lucia'),
('San Marino'),
('French Polynesia'),
('France'),
('Bermuda'),
('Slovakia'),
('Somalia'),
('Peru'),
('Laos'),
('Republic of Congo'),
('Nauru'),
('Seychelles'),
('Norway'),
('Malawi'),
('Cook Islands'),
('Benin'),
('Western Sahara'),
('Cuba'),
('Mayotte'),
('China'),
('Armenia'),
('Dominican Republic'),
('Mongolia'),
('Ukraine'),
('Bahrain'),
('Tonga'),
('Finland'),
('Libya'),
('Cayman Islands'),
('Central African Republic'),
('New Caledonia'),
('Mauritius'),
('Liechtenstein'),
('Australia'),
('British Virgin Islands'),
('Kenya'),
('Heard & McDonald Islands'),
('Russia'),
('Bulgaria'),
('United States'),
('Romania'),
('Angola'),
('French Southern Territories'),
('Chad'),
('South Africa'),
('Tokelau'),
('Democratic Republic of Congo'),
('Sweden'),
('Qatar'),
('Antigua & Barbuda'),
('Malaysia'),
('Austria'),
('Vietnam'),
('Mozambique'),
('Uganda'),
('Canary Islands'),
('Hungary'),
('Niger'),
('Isle of Man'),
('Brazil'),
('Falkland Islands'),
('Faroe Islands'),
('Guinea'),
('Panama'),
('Mali'),
('Costa Rica'),
('Luxembourg'),
('American Samoa'),
('Bahamas'),
('Gibraltar'),
('Ireland'),
('Pakistan'),
('Palau'),
('Nigeria'),
('Ecuador'),
('Czech Republic'),
('US Virgin Islands'),
('Brunei'),
('Belarus'),
('Iran'),
('Saint Kitts & Nevis'),
('Algeria'),
('Svalbard'),
('El Salvador'),
('Tuvalu'),
('Pitcairn Islands'),
('Turks & Caicos Islands'),
('Marshall Islands'),
('Chile'),
('Puerto Rico'),
('Belgium'),
('Kiribati'),
('Haiti'),
('Belize'),
('Hong Kong'),
('Sierra Leone'),
('Georgia'),
('Gambia'),
('Philippines'),
('Guinea Bissau'),
('Moldova'),
('Morocco'),
('Croatia'),
('Micronesia'),
('Guernsey'),
('Thailand'),
('Namibia'),
('Grenada'),
('Iraq'),
('Portugal'),
('Estonia'),
('Kosovo'),
('Equatorial Guinea'),
('Lebanon'),
('Uzbekistan'),
('Tunisia'),
('Djibouti'),
('Rwanda'),
('Spain'),
('Colombia'),
('Reunion'),
('Burundi'),
('Taiwan'),
('Fiji'),
('Barbados'),
('Cocos Islands'),
('Madagascar'),
('Italy'),
('Bhutan'),
('Sudan'),
('Nepal'),
('Malta'),
('Bosnia & Herzegovina'),
('Netherlands'),
('Suriname'),
('Anguilla'),
('Venezuela'),
('Holy See'),
('Aland Islands'),
('Israel'),
('Indonesia'),
('South Georgia & South Sandwich Islands'),
('Iceland'),
('Zambia'),
('Senegal'),
('Papua New Guinea'),
('Sao Tome & Principe'),
('Germany'),
('Vanuatu'),
('Denmark'),
('Saint Vincent & Grenadines'),
('Kazakhstan'),
('Poland'),
('Eritrea'),
('Kyrgyzstan'),
('Palestinian Territory'),
('British Indian Ocean Territory'),
('Montserrat'),
('Mexico'),
('Macedonia'),
('Timor Leste'),
('North Korea'),
('Sri Lanka'),
('Latvia'),
('Guyana'),
('Syria'),
('Guadeloupe'),
('Burma'),
('Honduras'),
('Bouvet Island'),
('Egypt'),
('Nicaragua'),
('Singapore'),
('Serbia'),
('Botswana'),
('United Kingdom'),
('Antarctica'),
('Christmas Island'),
('Netherlands Antilles'),
('Greece'),
('Paraguay'),
('French Guiana'),
('Comoros'),
('US Minor Outlying Islands');

insert into amazon_pet_supplies.valid_item_form values
('Heat-Pack'),
('Cream'),
('Liquid'),
('Solid'),
('Syrup'),
('Ointment'),
('Foam'),
('Spray'),
('Lotion'),
('Inhalant-Oil'),
('Capsule'),
('Oil'),
('Tablets'),
('Powder'),
('Talc'),
('Drops'),
('Other'),
('Wipes'),
('Sachets'),
('Gel');

insert into amazon_pet_supplies.valid_material_composition values
('Canvas'),
('Willow'),
('Fabric'),
('Elm'),
('Chrome'),
('Cherry'),
('Oak'),
('Pine'),
('Plastic'),
('Rubber'),
('Tin'),
('Wood'),
('Plush'),
('Nickel'),
('Stainless Steel'),
('Glass'),
('Cedar'),
('Vinyl'),
('Birch'),
('Beech'),
('Brass'),
('Silver'),
('Bronze'),
('Steel'),
('Stone'),
('Aluminum'),
('Leather'),
('Metal'),
('Teak'),
('Suede'),
('Pewter'),
('Rattan & Wicker'),
('Bamboo'),
('Walnut'),
('Copper'),
('Recycled Material'),
('Cast Iron'),
('Mahogany'),
('Hardwood'),
('Rosewood'),
('Maple'),
('Cotton');

insert into amazon_pet_supplies.valid_item_diameter_unit_of_measure values
('FT'),
('CM'),
('MM'),
('M'),
('IN');

insert into amazon_pet_supplies.valid_currency values
('USD');

insert into amazon_pet_supplies.valid_minimum_item_width_unit_of_measure values
('FT'),
('CM'),
('MM'),
('M'),
('IN');

insert into amazon_pet_supplies.valid_light_source_operating_life_unit_of_measure values
('hr'),
('sec'),
('min');

insert into amazon_pet_supplies.valid_battery_type values
('battery_type_d'),
('battery_type_a'),
('battery_type_c'),
('battery_type_lithium_ion'),
('battery_type_aaa'),
('battery_type_lithium_metal'),
('battery_type_9v'),
('battery_type_aa'),
('battery_type_12v'),
('battery_type_product_specific'),
('battery_type_p76'),
('battery_type_cr123a'),
('battery_type_aaaa'),
('battery_type_cr5'),
('battery_type_cr2');

insert into amazon_pet_supplies.valid_cpsia_cautionary_statement values
('no_warning_applicable'),
('choking_hazard_contains_a_marble'),
('contains_small_magnets'),
('choking_hazard_is_a_marble'),
('choking_hazard_balloon'),
('choking_hazard_small_parts'),
('choking_hazard_contains_small_ball'),
('choking_hazard_is_a_small_ball');

insert into amazon_pet_supplies.valid_included_features values
('Dry'),
('Canned'),
('Biodegradable'),
('Organic'),
('Topical Application'),
('Grain-Free'),
('Heating'),
('All-Natural'),
('Oral Application'),
('Cooling'),
('Wheat-Free'),
('Reduced Calorie'),
('Vegetarian');

insert into amazon_pet_supplies.valid_item_display_weight_unit_of_measure values
('LB'),
('KG'),
('GR'),
('OZ');

insert into amazon_pet_supplies.valid_website_shipping_weight_unit_of_measure values
('LB'),
('KG'),
('GR'),
('OZ');

insert into amazon_pet_supplies.valid_item_thickness_unit_of_measure values
('FT'),
('CM'),
('MM'),
('M'),
('IN');

insert into amazon_pet_supplies.valid_target_audience_keywords values
('horses'),
('rabbits'),
('chinchillas'),
('ferrets'),
('fish'),
('hamsters'),
('amphibians'),
('birds'),
('insects'),
('house-cats'),
('rats'),
('mice'),
('guinea-pigs'),
('dogs'),
('reptiles');

insert into amazon_pet_supplies.valid_display_dimensions_unit_of_measure values
('FT'),
('CM'),
('MM'),
('M'),
('IN');

insert into amazon_pet_supplies.valid_batteries_required values
('True'),
('False');

insert into amazon_pet_supplies.valid_neck_size_unit_of_measure values
('MM'),
('FT'),
('CM'),
('IN');

insert into amazon_pet_supplies.valid_closure_type values
('Button-Fly'),
('Pull On');

insert into amazon_pet_supplies.valid_brightness_unit_of_measure values
('lumens');

insert into amazon_pet_supplies.valid_external_product_id_type values
('GCID'),
('GTIN'),
('UPC'),
('EAN');

insert into amazon_pet_supplies.valid_specific_uses_for_product values
('Heart'),
('Eyes'),
('Stomach'),
('Weight'),
('Coat'),
('Hairballs'),
('Skin'),
('Parasites'),
('Behavior'),
('Joints'),
('Food Allergies'),
('Teeth');

insert into amazon_pet_supplies.valid_compatible_devices values
('helmet'),
('eyewear');

insert into amazon_pet_supplies.valid_circumference_unit_of_measure values
('FT'),
('CM'),
('MM'),
('M'),
('IN');

insert into amazon_pet_supplies.valid_color_map values
('Blue'),
('Brown'),
('Gold'),
('Copper'),
('Purple'),
('Clear'),
('Grey'),
('Red'),
('Metallic'),
('Yellow'),
('Black'),
('Beige'),
('Pink'),
('Multi-colored'),
('Orange'),
('Green'),
('White'),
('Silver'),
('Bronze'),
('Cream');

insert into amazon_pet_supplies.valid_condition_type values
('UsedGood'),
('UsedLikeNew'),
('UsedVeryGood'),
('Refurbished'),
('New'),
('UsedAcceptable');

insert into amazon_pet_supplies.valid_allergen_information values
('shellfish_free'),
('dairy_free'),
('gluten'),
('fish_free'),
('peanut_free'),
('eggs'),
('shellfish'),
('tree_nut_free'),
('celery'),
('soy_free'),
('tree_nuts'),
('gluten_free'),
('dairy'),
('barley'),
('peanuts'),
('soy'),
('egg_free'),
('fish'),
('sesame_seeds');

insert into amazon_pet_supplies.valid_weight_recommendation_unit_of_measure values
('LB'),
('KG'),
('GR'),
('OZ');

insert into amazon_pet_supplies.valid_special_features values
('Underwater'),
('Durable'),
('Cooling'),
('Non-Irritating'),
('Weather-proof'),
('Reflective'),
('Artificial Product'),
('Flavored'),
('Flea and Tick Repeller'),
('Sun proof'),
('Easy to Clean'),
('Veterinary Approved'),
('Cordless'),
('Windproof'),
('External'),
('Environmentally Friendly'),
('Lockable'),
('Includes treats'),
('Flea and Tick'),
('Hygienic'),
('Anti-Slip'),
('Anti-Allergic'),
('Removable Cover'),
('Easy to Store'),
('Clumping'),
('Biodegradable'),
('Adjustable Cutting Length'),
('Heating'),
('Adjustable Height'),
('Natural Product'),
('Adjustable Width'),
('Rechargeable'),
('Automatic'),
('Inbuilt Filter'),
('Deodorising'),
('Adjustable'),
('Retractable'),
('Adjustable Volume'),
('Waterproof'),
('Silica Gel'),
('Padded'),
('Lightweight'),
('Easy to Use'),
('Temperature Adjustment'),
('Anti-Bacterial'),
('Moisturising');

insert into amazon_pet_supplies.valid_volume_capacity_name_unit_of_measure values
('fluid-oz'),
('cubic-cm'),
('cubic-m'),
('milliliter'),
('liter'),
('gallon');

insert into amazon_pet_supplies.valid_maximum_height_recommendation_unit_of_measure values
('FT'),
('CM'),
('MM'),
('M'),
('IN');

insert into amazon_pet_supplies.valid_age_range_description values
('Baby'),
('Mature Adult'),
('Adult'),
('Young');

insert into amazon_pet_supplies.valid_gtin_exemption_reason values
('ReplacementPart'),
('CustomProductBundle');

insert into amazon_pet_supplies.valid_material_type values
('Stone'),
('Wax'),
('Polyresin'),
('Polycast'),
('Other'),
('Paraffin'),
('Acrylic Coated Cotton');

insert into amazon_pet_supplies.valid_item_weight_unit_of_measure values
('LB'),
('KG'),
('GR'),
('OZ');

insert into amazon_pet_supplies.valid_update_delete values
('Update'),
('PartialUpdate'),
('Delete');

insert into amazon_pet_supplies.valid_target_audience_base values
('Horse'),
('Wild Life'),
('Dog'),
('Fish and Aquatic'),
('Reptile'),
('Insect'),
('Small Animals'),
('Amphibian'),
('Farm Animal'),
('Cat'),
('Bird');

insert into amazon_pet_supplies.valid_country_of_origin values
('Canada'),
('Guinea-Bissau'),
('Saint Helena'),
('Unknown'),
('Lithuania'),
('Cambodia'),
('Switzerland'),
('Ethiopia'),
('Aruba'),
('Swaziland'),
('Argentina'),
('Bolivia'),
('Cameroon'),
('Burkina Faso'),
('Turkmenistan'),
('Ghana'),
('Saudi Arabia'),
('Togo'),
('Japan'),
('Cape Verde'),
('Cocos (Keeling) Islands'),
('Slovenia'),
('Guatemala'),
('Bosnia and Herzegovina'),
('Kuwait'),
('Burma (Myanmar)'),
('Jordan'),
('Dominica'),
('Liberia'),
('Maldives'),
('Jamaica'),
('Oman'),
('Tanzania'),
('Martinique'),
('Saint Kitts And Nevis'),
('Ivory Coast'),
('Albania'),
('Gabon'),
('Niue'),
('Monaco'),
('Wallis and Futuna'),
('New Zealand'),
('Yemen'),
('Jersey'),
('Andorra'),
('Greenland'),
('Samoa'),
('Macau'),
('S. Georgia and S. Sandwich Isls.'),
('Norfolk Island'),
('United Arab Emirates'),
('Guam'),
('India'),
('Azerbaijan'),
('Lesotho'),
('Saint Vincent And The Grenadines'),
('Kenya'),
('South Korea'),
('Tajikistan'),
('Turkey'),
('Afghanistan'),
('Bangladesh'),
('Mauritania'),
('Solomon Islands'),
('Saint Lucia'),
('Hungary'),
('San Marino'),
('French Polynesia'),
('France'),
('Bermuda'),
('Slovakia'),
('Somalia'),
('Peru'),
('Laos'),
('Nauru'),
('Seychelles'),
('Norway'),
('Malawi'),
('Cook Islands'),
('Benin'),
('Western Sahara'),
('Cuba'),
('Republic of the Congo'),
('Mayotte'),
('China'),
('Armenia'),
('Dominican Republic'),
('Mongolia'),
('Ukraine'),
('Bahrain'),
('Tonga'),
('Finland'),
('Libya'),
('New Caledonia'),
('Cayman Islands'),
('Central African Republic'),
('Heard and McDonald Islands'),
('Mauritius'),
('Liechtenstein'),
('Australia'),
('Antigua And Barbuda'),
('Mali'),
('Russia'),
('Bulgaria'),
('United States'),
('Romania'),
('Angola'),
('French Southern Territories'),
('Chad'),
('South Africa'),
('Tokelau'),
('Cyprus'),
('Sweden'),
('Qatar'),
('Malaysia'),
('Austria'),
('Vietnam'),
('Mozambique'),
('Uganda'),
('Canary Islands'),
('British Virgin Islands'),
('Niger'),
('Isle of Man'),
('Brazil'),
('Turks And Caicos Islands'),
('Falkland Islands'),
('Faroe Islands'),
('Guinea'),
('Panama'),
('Costa Rica'),
('Luxembourg'),
('American Samoa'),
('Bahamas'),
('Gibraltar'),
('Ireland'),
('Pakistan'),
('Palau'),
('Nigeria'),
('Ecuador'),
('Czech Republic'),
('US Virgin Islands'),
('Brunei'),
('Belarus'),
('Iran'),
('Algeria'),
('Svalbard'),
('El Salvador'),
('Tuvalu'),
('Zaire'),
('Pitcairn Islands'),
('Saint Pierre and Miquelon'),
('Marshall Islands'),
('Chile'),
('Puerto Rico'),
('Belgium'),
('Kiribati'),
('Haiti'),
('Belize'),
('Hong Kong'),
('Sierra Leone'),
('Georgia'),
('Gambia'),
('Philippines'),
('Sao Tome And Principe'),
('Moldova'),
('Holy See (Vatican City)'),
('Croatia'),
('Micronesia'),
('Guernsey'),
('Thailand'),
('Namibia'),
('Grenada'),
('Iraq'),
('Portugal'),
('Estonia'),
('Uruguay'),
('Equatorial Guinea'),
('Lebanon'),
('Uzbekistan'),
('Tunisia'),
('Djibouti'),
('Rwanda'),
('Timor-Leste'),
('Spain'),
('Colombia'),
('Reunion'),
('Burundi'),
('Taiwan'),
('Fiji'),
('Barbados'),
('Madagascar'),
('Italy'),
('Bhutan'),
('Sudan'),
('Nepal'),
('Malta'),
('Democratic Republic of the Congo'),
('Netherlands'),
('Northern Mariana Islands'),
('Suriname'),
('Anguilla'),
('Venezuela'),
('Netherlands Antilles'),
('Aland Islands'),
('Israel'),
('Indonesia'),
('Iceland'),
('Zambia'),
('Senegal'),
('Papua New Guinea'),
('Zimbabwe'),
('Germany'),
('Vanuatu'),
('Denmark'),
('Saint-Martin'),
('Kazakhstan'),
('Poland'),
('Eritrea'),
('Kyrgyzstan'),
('Palestinian Territory'),
('British Indian Ocean Territory'),
('Montserrat'),
('Mexico'),
('Macedonia'),
('North Korea'),
('Sri Lanka'),
('Latvia'),
('Guyana'),
('Syria'),
('Guadeloupe'),
('Morocco'),
('Honduras'),
('Bouvet Island'),
('Egypt'),
('Nicaragua'),
('Singapore'),
('Serbia'),
('Botswana'),
('United Kingdom'),
('Trinidad And Tobago'),
('Antarctica'),
('Christmas Island'),
('Greece'),
('Paraguay'),
('French Guiana'),
('Comoros'),
('US Minor Outlying Islands');

insert into amazon_pet_supplies.valid_feed_product_type values
('PetSuppliesMisc');

insert into amazon_pet_supplies.valid_external_testing_certification values
('FSC'),
('Carbon Trust'),
('EU Ecolabel'),
('Cruelty Free (Leaping Bunny Logo)'),
('Global Organic Textile Standard'),
('Marine Stewardship Council (MSC)'),
('TCO'),
('The Rainforest Alliance'),
('Energy Star'),
('Mobius loop'),
('Energy Saving Trust Recommended'),
('PEFC'),
('Fairtrade');

insert into amazon_pet_supplies.valid_efficiency values
('A'),
('C'),
('B'),
('E'),
('D'),
('G'),
('F');

insert into amazon_pet_supplies.valid_minimum_height_recommendation_unit_of_measure values
('FT'),
('CM'),
('MM'),
('M'),
('IN');

insert into amazon_pet_supplies.valid_care_instructions values
('Hand Washable'),
('Dishwasher Safe'),
('Fragile'),
('Keep away from Children'),
('Keep Indoors'),
('Keep in a Dry Place'),
('Machine Washable'),
('Do not Wash'),
('Lubricate Regularly'),
('Dry Clean Only'),
('Clean after Use');

insert into amazon_pet_supplies.valid_are_batteries_included values
('True'),
('False');

insert into amazon_pet_supplies.valid_relationship_type values
('Variation');

insert into amazon_pet_supplies.valid_maximum_item_width_unit_of_measure values
('FT'),
('CM'),
('MM'),
('M'),
('IN');

insert into amazon_pet_supplies.valid_is_discontinued_by_manufacturer values
('True'),
('False');

insert into amazon_pet_supplies.valid_variation_theme values
('FlavorSize'),
('SizeName'),
('Color'),
('SizeNameColorName'),
('PatternName'),
('Flavor');

insert into amazon_pet_supplies.valid_parent_child values
('parent'),
('child');

insert into amazon_pet_supplies.valid_size_map values
('XXS'),
('XL'),
('M'),
('L'),
('S'),
('XS'),
('XXL');

insert into amazon_pet_supplies.valid_offering_can_be_giftwrapped values
('True'),
('False');

insert into amazon_pet_supplies.valid_item_volume_unit_of_measure values
('fluid-oz'),
('cubic-cm'),
('cubic-m'),
('milliliter'),
('liter'),
('gallon');

insert into amazon_pet_supplies.valid_item_length_unit_of_measure values
('FT'),
('CM'),
('MM'),
('M'),
('IN');

insert into amazon_pet_supplies.valid_item_display_volume_unit_of_measure values
('fluid-oz'),
('cubic-cm'),
('cubic-m'),
('milliliter'),
('liter'),
('gallon');

insert into amazon_pet_supplies.valid_specification_met values
('Frustration-Free Packaging');

insert into amazon_pet_supplies.valid_missing_keyset_reason values
('NonConsumer'),
('Specialized'),
('PrivateLabel'),
('PreConfigured');

insert into amazon_pet_supplies.valid_package_length_unit_of_measure values
('FT'),
('CM'),
('MM'),
('M'),
('IN');

insert into amazon_pet_supplies.valid_flavor_name values
('Lamb'),
('Cheese'),
('Pork'),
('Beef'),
('Variety'),
('Turkey'),
('Seafood'),
('Fruit'),
('Bison'),
('Liver'),
('Duck'),
('Vegetable'),
('Chicken'),
('Mint'),
('Milk'),
('Peanut Butter');

insert into amazon_pet_supplies.valid_prop_65 values
('True'),
('False');

insert into amazon_pet_supplies.valid_package_weight_unit_of_measure values
('LB'),
('KG'),
('GR'),
('OZ');

insert into amazon_pet_supplies.valid_specific_uses_keywords values
('Indoor'),
('Skin and Coat'),
('Joints and Bone'),
('Urinary Tract Infection'),
('For Plant Aquariums'),
('Travel'),
('Dental Care'),
('Anti-Fungal'),
('Growth and Performance'),
('Kidney problems'),
('Germs and Viruses'),
('Heart and Blood Pressure'),
('Anti-Anxiety and Behaviour Management'),
('First Aid and Antibiotics'),
('Suitable for Salt Water'),
('Agility Training'),
('Interactive Play'),
('Homeopathic Remedies'),
('Behavioural Training'),
('Fleas, Mites and Ticks'),
('Aggression Training'),
('Dry Use'),
('Vitamin C deficit'),
('Daily Use'),
('Mental Exercise'),
('Respiratory'),
('Toilet Training'),
('Use with Water'),
('Suitable for Young pets'),
('Diarrhea'),
('Allergy Care'),
('Independent Play'),
('Molting'),
('Weight Loss'),
('Pain and Arthritis'),
('Scratching'),
('Sports and Training'),
('Stomach and Digestion'),
('Eye And Ear'),
('Chewing & Dental'),
('Exercising and Weight Management'),
('Vitamin and Supplements'),
('Outdoor'),
('Tooth Problems'),
('Skin and Coat Problems'),
('For Reef Aquariums'),
('Hairballs'),
('Special Occasions'),
('Kidney problems)'),
('Suitable for Fresh Water'),
('Fungal Infection'),
('Suitable for Adult pets'),
('Biting and Chewing Training'),
('Jumping and Digging Training'),
('Diabetes'),
('Anti-Bacterial');

insert into amazon_pet_supplies.valid_offering_can_be_gift_messaged values
('True'),
('False');

insert into amazon_pet_supplies.valid_fulfillment_center_id values
('DEFAULT'),
('AMAZON_NA');

