insert into amazon_raw_materials.valid_upper_bubbling_pressure_unit_of_measure values
('bars'),
('psi'),
('pascal');

insert into amazon_raw_materials.valid_closure_diameter_unit_of_measure values
('DM'),
('FT'),
('CM'),
('MM'),
('M'),
('yards'),
('IN');

insert into amazon_raw_materials.valid_package_dimensions_unit_of_measure values
('FT'),
('nanometers'),
('CM'),
('MM'),
('M'),
('micrometers'),
('IN');

insert into amazon_raw_materials.valid_cutting_length_unit_of_measure values
('DM'),
('FT'),
('CM'),
('MM'),
('M'),
('yards'),
('IN');

insert into amazon_raw_materials.valid_sphericity_unit_of_measure values
('FT'),
('nanometers'),
('CM'),
('MM'),
('M'),
('micrometers'),
('IN');

insert into amazon_raw_materials.valid_website_shipping_weight_unit_of_measure values
('MG'),
('LB'),
('GR'),
('OZ'),
('KG');

insert into amazon_raw_materials.valid_item_hardness values
('Extra Hard'),
('Hard');

insert into amazon_raw_materials.valid_slot_width_unit_of_measure values
('FT'),
('nanometers'),
('CM'),
('MM'),
('M'),
('micrometers'),
('IN');

insert into amazon_raw_materials.valid_numeric_viscosity_unit_of_measure values
('DM'),
('FT'),
('CM'),
('MM'),
('M'),
('yards'),
('IN');

insert into amazon_raw_materials.valid_lower_bubbling_pressure_unit_of_measure values
('bars'),
('psi'),
('pascal');

insert into amazon_raw_materials.valid_push_force_unit_of_measure values
('kilograms'),
('newtons'),
('pounds');

insert into amazon_raw_materials.valid_measurement_system values
('Metric'),
('English');

insert into amazon_raw_materials.valid_maximum_parallel_misalignment_unit_of_measure values
('inches'),
('micrometer'),
('feet'),
('decimeters'),
('degrees'),
('millimeters'),
('meters'),
('centimeters');

insert into amazon_raw_materials.valid_pore_size_unit_of_measure values
('nanometers'),
('inches'),
('micrometers'),
('feet'),
('meters'),
('millimeters'),
('centimeters');

insert into amazon_raw_materials.valid_leg_length_unit_of_measure values
('FT'),
('nanometers'),
('CM'),
('MM'),
('M'),
('micrometers'),
('IN');

insert into amazon_raw_materials.valid_oil_capacity_unit_of_measure values
('cubic-cm'),
('cubic-yd'),
('deciliters'),
('cup'),
('ounce'),
('centiliters'),
('cubic-m'),
('milliliter'),
('quart'),
('liter'),
('cubic-ft'),
('gallon'),
('cubic-in'),
('pint');

insert into amazon_raw_materials.valid_key_way_width_unit_of_measure values
('FT'),
('nanometers'),
('CM'),
('MM'),
('M'),
('micrometers'),
('IN');

insert into amazon_raw_materials.valid_product_tax_code values
('A_GEN_NOTAX');

insert into amazon_raw_materials.valid_special_features values
('chronograph'),
('calculator'),
('Lap-timer'),
('luminous'),
('dual-Time-display'),
('outdoor-computer'),
('bike-computer'),
('tachometer'),
('stop-watch'),
('back-up-battery'),
('world-time'),
('gps'),
('screw-down-crown'),
('slide-rule'),
('radio-controlled'),
('second-hand'),
('compass'),
('light'),
('timer'),
('shock-resistant'),
('heart-rate-monitor'),
('depth-measurement');

insert into amazon_raw_materials.valid_inside_diameter_unit_of_measure values
('FT'),
('nanometers'),
('CM'),
('MM'),
('M'),
('micrometers'),
('IN');

insert into amazon_raw_materials.valid_flange_outside_diameter_unit_of_measure values
('FT'),
('nanometers'),
('CM'),
('MM'),
('M'),
('micrometers'),
('IN');

insert into amazon_raw_materials.valid_wire_diameter_string_unit_of_measure values
('FT'),
('nanometers'),
('CM'),
('MM'),
('M'),
('micrometers'),
('IN');

insert into amazon_raw_materials.valid_thread_style values
('Left Hand & Right Hand'),
('Right Hand'),
('Left Hand');

insert into amazon_raw_materials.valid_slide_travel_distance_unit_of_measure values
('FT'),
('nanometers'),
('CM'),
('MM'),
('M'),
('micrometers'),
('IN');

insert into amazon_raw_materials.valid_maximum_gap_fill_unit_of_measure values
('cubic-cm'),
('cubic-yd'),
('deciliters'),
('cup'),
('ounce'),
('centiliters'),
('cubic-m'),
('milliliter'),
('quart'),
('liter'),
('cubic-ft'),
('gallon'),
('cubic-in'),
('pint');

insert into amazon_raw_materials.valid_body_outside_diameter_unit_of_measure values
('FT'),
('nanometers'),
('CM'),
('MM'),
('M'),
('micrometers'),
('IN');

insert into amazon_raw_materials.valid_thread_length_unit_of_measure values
('DM'),
('FT'),
('CM'),
('MM'),
('M'),
('yards'),
('IN');

insert into amazon_raw_materials.valid_arbor_hole_diameter_unit_of_measure values
('DM'),
('FT'),
('CM'),
('MM'),
('M'),
('yards'),
('IN');

insert into amazon_raw_materials.valid_color_name values
('Blue'),
('Brown'),
('Gold'),
('Copper'),
('Purple'),
('Grey'),
('Yellow'),
('Multicolored'),
('Black'),
('Red'),
('Pink'),
('Orange'),
('Green'),
('White'),
('Silver'),
('Bronze'),
('Cream');

insert into amazon_raw_materials.valid_maximum_torque_unit_of_measure values
('kilograms'),
('newtons'),
('pounds');

insert into amazon_raw_materials.valid_inside_dimensions_unit_of_measure values
('DM'),
('FT'),
('CM'),
('MM'),
('M'),
('yards'),
('IN');

insert into amazon_raw_materials.valid_cutting_diameter_unit_of_measure values
('DM'),
('FT'),
('CM'),
('MM'),
('M'),
('yards'),
('IN');

insert into amazon_raw_materials.valid_pull_force_unit_of_measure values
('kilograms'),
('newtons'),
('pounds');

insert into amazon_raw_materials.valid_item_diameter_tolerance_unit_of_measure values
('FT'),
('nanometers'),
('CM'),
('MM'),
('M'),
('micrometers'),
('IN');

insert into amazon_raw_materials.valid_thread_diameter_string_unit_of_measure values
('FT'),
('nanometers'),
('CM'),
('MM'),
('M'),
('micrometers'),
('IN');

insert into amazon_raw_materials.valid_outside_diameter_unit_of_measure values
('DM'),
('FT'),
('CM'),
('MM'),
('M'),
('yards'),
('IN');

insert into amazon_raw_materials.valid_notch_depth_unit_of_measure values
('FT'),
('nanometers'),
('CM'),
('MM'),
('M'),
('micrometers'),
('IN');

insert into amazon_raw_materials.valid_exterior_finish values
('Unpolished (#2B Mill)'),
('Unpolished (Mill)'),
('Zinc Galvanized'),
('Powder Coating'),
('Brushed (#3 Satin)'),
('Mirror Like (#7)'),
('Reflective'),
('Oil Coating'),
('Wax Coating'),
('Painted'),
('Nickel Coating'),
('Bright'),
('Chrome Coating'),
('PTFE Coating'),
('Anodized Coating'),
('Textured'),
('Mirror Like (#8)'),
('Rubber-Backed'),
('Antimicrobial Coating'),
('Nonglare'),
('Smooth Polished'),
('Plain'),
('Smooth'),
('Pebble Finish'),
('Vinyl Coating'),
('Phosphate Coating'),
('Black Oxide'),
('Brushed (#4 Satin)'),
('Polished'),
('Passivated'),
('Corrosion-Resistant Coating (Clad)'),
('Matte'),
('Rough'),
('Ground'),
('Precision Ground'),
('PVC Coating');

insert into amazon_raw_materials.valid_outlet_operating_pressure_range_unit_of_measure values
('bars'),
('psi'),
('pascal');

insert into amazon_raw_materials.valid_item_width_tolerance_unit_of_measure values
('FT'),
('nanometers'),
('CM'),
('MM'),
('M'),
('micrometers'),
('IN');

insert into amazon_raw_materials.valid_flange_thickness_unit_of_measure values
('FT'),
('nanometers'),
('CM'),
('MM'),
('M'),
('micrometers'),
('IN');

insert into amazon_raw_materials.valid_maximum_tension_load_unit_of_measure values
('grams'),
('pounds'),
('kilograms'),
('milligrams'),
('newtons'),
('ounces');

insert into amazon_raw_materials.valid_lower_temperature_rating_unit_of_measure values
('C'),
('F');

insert into amazon_raw_materials.valid_axial_misalignment_unit_of_measure values
('FT'),
('nanometers'),
('CM'),
('MM'),
('M'),
('micrometers'),
('IN');

insert into amazon_raw_materials.valid_port_to_port_distance_unit_of_measure values
('FT'),
('nanometers'),
('CM'),
('MM'),
('M'),
('micrometers'),
('IN');

insert into amazon_raw_materials.valid_output_pressure_unit_of_measure values
('bars'),
('psi'),
('pascal');

insert into amazon_raw_materials.valid_housing_height_unit_of_measure values
('FT'),
('nanometers'),
('CM'),
('MM'),
('M'),
('micrometers'),
('IN');

insert into amazon_raw_materials.valid_chamfer_type values
('Plug'),
('Taper'),
('Semi-Bottoming'),
('Modified Bottoming'),
('Bottoming');

insert into amazon_raw_materials.valid_bore_diameter_unit_of_measure values
('DM'),
('FT'),
('CM'),
('MM'),
('M'),
('yards'),
('IN');

insert into amazon_raw_materials.valid_ball_type values
('Solid'),
('Hollow');

insert into amazon_raw_materials.valid_prop_65 values
('True'),
('False');

insert into amazon_raw_materials.valid_tensile_strength_unit_of_measure values
('Newton'),
('PSI');

insert into amazon_raw_materials.valid_mesh_count_unit_of_measure values
('threads per centimeter'),
('threads per inch');

insert into amazon_raw_materials.valid_key_way_depth_unit_of_measure values
('FT'),
('nanometers'),
('CM'),
('MM'),
('M'),
('micrometers'),
('IN');

insert into amazon_raw_materials.valid_item_weight_unit_of_measure values
('MG'),
('LB'),
('GR'),
('OZ'),
('KG');

insert into amazon_raw_materials.valid_slot_depth_unit_of_measure values
('FT'),
('nanometers'),
('CM'),
('MM'),
('M'),
('micrometers'),
('IN');

insert into amazon_raw_materials.valid_nominal_outside_diameter_unit_of_measure values
('DM'),
('FT'),
('CM'),
('MM'),
('M'),
('yards'),
('IN');

insert into amazon_raw_materials.valid_head_height_unit_of_measure values
('DM'),
('FT'),
('CM'),
('MM'),
('M'),
('yards'),
('IN');

insert into amazon_raw_materials.valid_outer_ring_width_unit_of_measure values
('FT'),
('nanometers'),
('CM'),
('MM'),
('M'),
('micrometers'),
('IN');

insert into amazon_raw_materials.valid_belt_width_unit_of_measure values
('FT'),
('nanometers'),
('CM'),
('MM'),
('M'),
('micrometers'),
('IN');

insert into amazon_raw_materials.valid_tank_operating_pressure_unit_of_measure values
('bars'),
('psi'),
('pascal');

insert into amazon_raw_materials.valid_fulfillment_center_id values
('DEFAULT'),
('AMAZON_NA');

insert into amazon_raw_materials.valid_item_thickness_tolerance_unit_of_measure values
('FT'),
('nanometers'),
('CM'),
('MM'),
('M'),
('micrometers'),
('IN');

insert into amazon_raw_materials.valid_capacity_unit_of_measure values
('liter'),
('deciliters'),
('cup'),
('centiliters'),
('milliliters'),
('ounce'),
('gallon');

insert into amazon_raw_materials.valid_maximum_pressure_unit_of_measure values
('bars'),
('psi'),
('pascal');

insert into amazon_raw_materials.valid_item_volume_unit_of_measure values
('cubic-cm'),
('cubic-yd'),
('deciliters'),
('cup'),
('ounce'),
('centiliters'),
('cubic-m'),
('milliliter'),
('quart'),
('liter'),
('cubic-ft'),
('gallon'),
('cubic-in'),
('pint');

insert into amazon_raw_materials.valid_item_length_unit_of_measure values
('FT'),
('nanometers'),
('CM'),
('MM'),
('M'),
('micrometers'),
('IN');

insert into amazon_raw_materials.valid_specification_met values
('FDA'),
('FED'),
('ASTM'),
('NSF'),
('3A Compliant'),
('UL'),
('USDA'),
('Not Rated'),
('SAE'),
('USP'),
('AASHTO'),
('RWMA'),
('AMS'),
('MIL');

insert into amazon_raw_materials.valid_external_product_id_type values
('GCID'),
('GTIN'),
('UPC'),
('EAN');

insert into amazon_raw_materials.valid_maximum_vacuum_pressure_unit_of_measure values
('bars'),
('psi'),
('pascal');

insert into amazon_raw_materials.valid_compressed_length_unit_of_measure values
('FT'),
('nanometers'),
('CM'),
('MM'),
('M'),
('micrometers'),
('IN');

insert into amazon_raw_materials.valid_tubing_size_unit_of_measure values
('DM'),
('FT'),
('CM'),
('MM'),
('M'),
('yards'),
('IN');

insert into amazon_raw_materials.valid_operating_pressure_range_unit_of_measure values
('bars'),
('psi'),
('pascal');

insert into amazon_raw_materials.valid_maximum_suction_unit_of_measure values
('cubic-cm'),
('cubic-yd'),
('deciliters'),
('cup'),
('ounce'),
('centiliters'),
('cubic-m'),
('milliliter'),
('quart'),
('liter'),
('cubic-ft'),
('gallon'),
('cubic-in'),
('pint');

insert into amazon_raw_materials.valid_cpsia_cautionary_statement values
('no_warning_applicable'),
('choking_hazard_contains_a_marble'),
('contains_small_magnets'),
('choking_hazard_is_a_marble'),
('choking_hazard_balloon'),
('choking_hazard_small_parts'),
('choking_hazard_contains_small_ball'),
('choking_hazard_is_a_small_ball');

insert into amazon_raw_materials.valid_cracking_pressure_unit_of_measure values
('bars'),
('psi'),
('pascal');

insert into amazon_raw_materials.valid_inside_diameter_tolerance_string_unit_of_measure values
('FT'),
('nanometers'),
('CM'),
('MM'),
('M'),
('micrometers'),
('IN');

insert into amazon_raw_materials.valid_tolerance_held values
('Undersized'),
('Precision'),
('Oversized'),
('Standard');

insert into amazon_raw_materials.valid_item_thickness_unit_of_measure values
('FT'),
('nanometers'),
('CM'),
('MM'),
('M'),
('micrometers'),
('IN');

insert into amazon_raw_materials.valid_item_torque_unit_of_measure values
('kilograms'),
('newtons'),
('pounds');

insert into amazon_raw_materials.valid_wheel_diameter_unit_of_measure values
('DM'),
('FT'),
('CM'),
('MM'),
('M'),
('yards'),
('IN');

insert into amazon_raw_materials.valid_country_of_origin values
('Canada'),
('Guinea-Bissau'),
('Saint Helena'),
('Unknown'),
('Lithuania'),
('Cambodia'),
('Switzerland'),
('Ethiopia'),
('Aruba'),
('Swaziland'),
('Argentina'),
('Bolivia'),
('Cameroon'),
('Burkina Faso'),
('Turkmenistan'),
('Ghana'),
('Saudi Arabia'),
('Togo'),
('Japan'),
('Cape Verde'),
('Cocos (Keeling) Islands'),
('Slovenia'),
('Guatemala'),
('Bosnia and Herzegovina'),
('Kuwait'),
('Burma (Myanmar)'),
('Jordan'),
('Dominica'),
('Liberia'),
('Maldives'),
('Jamaica'),
('Oman'),
('Tanzania'),
('Martinique'),
('Saint Kitts And Nevis'),
('Ivory Coast'),
('Albania'),
('Gabon'),
('Niue'),
('Monaco'),
('Wallis and Futuna'),
('New Zealand'),
('Yemen'),
('Jersey'),
('Andorra'),
('Greenland'),
('Samoa'),
('Macau'),
('S. Georgia and S. Sandwich Isls.'),
('Norfolk Island'),
('United Arab Emirates'),
('Guam'),
('India'),
('Azerbaijan'),
('Lesotho'),
('Saint Vincent And The Grenadines'),
('Kenya'),
('South Korea'),
('Tajikistan'),
('Turkey'),
('Afghanistan'),
('Bangladesh'),
('Mauritania'),
('Solomon Islands'),
('Saint Lucia'),
('Hungary'),
('San Marino'),
('French Polynesia'),
('France'),
('Bermuda'),
('Slovakia'),
('Somalia'),
('Peru'),
('Laos'),
('Nauru'),
('Seychelles'),
('Norway'),
('Malawi'),
('Cook Islands'),
('Benin'),
('Western Sahara'),
('Cuba'),
('Republic of the Congo'),
('Mayotte'),
('China'),
('Armenia'),
('Dominican Republic'),
('Mongolia'),
('Ukraine'),
('Bahrain'),
('Tonga'),
('Finland'),
('Libya'),
('New Caledonia'),
('Cayman Islands'),
('Central African Republic'),
('Heard and McDonald Islands'),
('Mauritius'),
('Liechtenstein'),
('Australia'),
('Antigua And Barbuda'),
('Mali'),
('Russia'),
('Bulgaria'),
('United States'),
('Romania'),
('Angola'),
('French Southern Territories'),
('Chad'),
('South Africa'),
('Tokelau'),
('Cyprus'),
('Sweden'),
('Qatar'),
('Malaysia'),
('Austria'),
('Vietnam'),
('Mozambique'),
('Uganda'),
('Canary Islands'),
('British Virgin Islands'),
('Niger'),
('Isle of Man'),
('Brazil'),
('Turks And Caicos Islands'),
('Falkland Islands'),
('Faroe Islands'),
('Guinea'),
('Panama'),
('Costa Rica'),
('Luxembourg'),
('American Samoa'),
('Bahamas'),
('Gibraltar'),
('Ireland'),
('Pakistan'),
('Palau'),
('Nigeria'),
('Ecuador'),
('Czech Republic'),
('US Virgin Islands'),
('Brunei'),
('Belarus'),
('Iran'),
('Algeria'),
('Svalbard'),
('El Salvador'),
('Tuvalu'),
('Zaire'),
('Pitcairn Islands'),
('Saint Pierre and Miquelon'),
('Marshall Islands'),
('Chile'),
('Puerto Rico'),
('Belgium'),
('Kiribati'),
('Haiti'),
('Belize'),
('Hong Kong'),
('Sierra Leone'),
('Georgia'),
('Gambia'),
('Philippines'),
('Sao Tome And Principe'),
('Moldova'),
('Holy See (Vatican City)'),
('Croatia'),
('Micronesia'),
('Guernsey'),
('Thailand'),
('Namibia'),
('Grenada'),
('Iraq'),
('Portugal'),
('Estonia'),
('Uruguay'),
('Equatorial Guinea'),
('Lebanon'),
('Uzbekistan'),
('Tunisia'),
('Djibouti'),
('Rwanda'),
('Timor-Leste'),
('Spain'),
('Colombia'),
('Reunion'),
('Burundi'),
('Taiwan'),
('Fiji'),
('Barbados'),
('Madagascar'),
('Italy'),
('Bhutan'),
('Sudan'),
('Nepal'),
('Malta'),
('Democratic Republic of the Congo'),
('Netherlands'),
('Northern Mariana Islands'),
('Suriname'),
('Anguilla'),
('Venezuela'),
('Netherlands Antilles'),
('Aland Islands'),
('Israel'),
('Indonesia'),
('Iceland'),
('Zambia'),
('Senegal'),
('Papua New Guinea'),
('Zimbabwe'),
('Germany'),
('Vanuatu'),
('Denmark'),
('Saint-Martin'),
('Kazakhstan'),
('Poland'),
('Eritrea'),
('Kyrgyzstan'),
('Palestinian Territory'),
('British Indian Ocean Territory'),
('Montserrat'),
('Mexico'),
('Macedonia'),
('North Korea'),
('Sri Lanka'),
('Latvia'),
('Guyana'),
('Syria'),
('Guadeloupe'),
('Morocco'),
('Honduras'),
('Bouvet Island'),
('Egypt'),
('Nicaragua'),
('Singapore'),
('Serbia'),
('Botswana'),
('United Kingdom'),
('Trinidad And Tobago'),
('Antarctica'),
('Christmas Island'),
('Greece'),
('Paraguay'),
('French Guiana'),
('Comoros'),
('US Minor Outlying Islands');

insert into amazon_raw_materials.valid_deflection_angle_unit_of_measure values
('degrees');

insert into amazon_raw_materials.valid_lead_angle_unit_of_measure values
('degrees');

insert into amazon_raw_materials.valid_nominal_inside_diameter_unit_of_measure values
('DM'),
('FT'),
('CM'),
('MM'),
('M'),
('yards'),
('IN');

insert into amazon_raw_materials.valid_minimum_flow_rate_unit_of_measure values
('liters per minute'),
('milliliters per second'),
('liters per second'),
('milliliters per minute'),
('centiliters per second');

insert into amazon_raw_materials.valid_gauge_port_size_unit_of_measure values
('FT'),
('nanometers'),
('CM'),
('MM'),
('M'),
('micrometers'),
('IN');

insert into amazon_raw_materials.valid_pitch_line_to_base_unit_of_measure values
('DM'),
('FT'),
('CM'),
('MM'),
('M'),
('yards'),
('IN');

insert into amazon_raw_materials.valid_hub_length_unit_of_measure values
('DM'),
('FT'),
('CM'),
('MM'),
('M'),
('yards'),
('IN');

insert into amazon_raw_materials.valid_spring_wind_direction values
('Right'),
('Left');

insert into amazon_raw_materials.valid_shank_height_unit_of_measure values
('DM'),
('FT'),
('CM'),
('MM'),
('M'),
('yards'),
('IN');

insert into amazon_raw_materials.valid_pressure_range_unit_of_measure values
('bars'),
('psi'),
('pascal');

insert into amazon_raw_materials.valid_load_capacity_unit_of_measure values
('liter'),
('deciliters'),
('cup'),
('centiliters'),
('milliliters'),
('ounce'),
('gallon');

insert into amazon_raw_materials.valid_maximum_measurement_unit_of_measure values
('DM'),
('FT'),
('CM'),
('MM'),
('M'),
('yards'),
('IN');

insert into amazon_raw_materials.valid_item_length_tolerance_unit_of_measure values
('FT'),
('nanometers'),
('CM'),
('MM'),
('M'),
('micrometers'),
('IN');

insert into amazon_raw_materials.valid_item_shape values
('Wire'),
('Angle'),
('BB'),
('Z-Bar'),
('Half-Round Rod'),
('Tread Plate'),
('Step Keystock'),
('Monofilament'),
('I-Beam (Aluminum Association)'),
('Sheet'),
('Brick'),
('Channel'),
('I-Beam'),
('Ball'),
('Ingot'),
('Square Keystock'),
('Wide Flange Beam'),
('Diamond Tread Plate'),
('ladle'),
('T-Bar'),
('Foil'),
('I-Beam (American Standard)'),
('Step Keystock, Type 2'),
('Round Rod'),
('Step Keystock, Type 1'),
('Cup (Round Bottom with Straight Wall)'),
('Sheet/Plate'),
('Expanded Metal Raised Sheet'),
('roll'),
('Music Wire'),
('Square Bar'),
('Cable'),
('Plate'),
('L-Angle'),
('H-Beam'),
('Perforated Sheet'),
('Rectangular Keystock'),
('U-Channel'),
('Cube'),
('Cord for Making Drive Belts'),
('Shim Stock'),
('Square'),
('Rectangular'),
('Round'),
('Flat Stock'),
('Ingot Bar'),
('Rectangular Bar'),
('Hexagonal Rod'),
('Expanded Metal Flat Sheet'),
('Mesh Sheet'),
('L Angle'),
('Hexagonal Bar'),
('Disc'),
('Wire Mesh Sheet'),
('Strip'),
('Oval'),
('Magnet Wire'),
('Braid'),
('Round Tube'),
('Square Millstock');

insert into amazon_raw_materials.valid_maximum_angular_misalignment_unit_of_measure values
('degrees');

insert into amazon_raw_materials.valid_face_width_unit_of_measure values
('DM'),
('FT'),
('CM'),
('MM'),
('M'),
('yards'),
('IN');

insert into amazon_raw_materials.valid_wall_thickness_unit_of_measure values
('FT'),
('nanometers'),
('CM'),
('MM'),
('M'),
('micrometers'),
('IN');

insert into amazon_raw_materials.valid_nominal_width_unit_of_measure values
('DM'),
('FT'),
('CM'),
('MM'),
('M'),
('yards'),
('IN');

insert into amazon_raw_materials.valid_air_entry_pressure_unit_of_measure values
('bars'),
('psi'),
('pascal');

insert into amazon_raw_materials.valid_disc_diameter_string_unit_of_measure values
('FT'),
('nanometers'),
('CM'),
('MM'),
('M'),
('micrometers'),
('IN');

insert into amazon_raw_materials.valid_item_diameter_unit_of_measure values
('FT'),
('nanometers'),
('CM'),
('MM'),
('M'),
('micrometers'),
('IN');

insert into amazon_raw_materials.valid_item_height_unit_of_measure values
('FT'),
('nanometers'),
('CM'),
('MM'),
('M'),
('micrometers'),
('IN');

insert into amazon_raw_materials.valid_breaking_strength_unit_of_measure values
('MG'),
('LB'),
('GR'),
('OZ'),
('KG');

insert into amazon_raw_materials.valid_maximum_spring_compression_load_unit_of_measure values
('grams'),
('pounds'),
('kilograms'),
('milligrams'),
('newtons'),
('ounces');

insert into amazon_raw_materials.valid_wheel_recess_dimensions_unit_of_measure values
('DM'),
('FT'),
('CM'),
('MM'),
('M'),
('yards'),
('IN');

insert into amazon_raw_materials.valid_extended_length_unit_of_measure values
('FT'),
('nanometers'),
('CM'),
('MM'),
('M'),
('micrometers'),
('IN');

insert into amazon_raw_materials.valid_rod_length_unit_of_measure_base values
('DM'),
('FT'),
('CM'),
('MM'),
('M'),
('yards'),
('IN');

insert into amazon_raw_materials.valid_maximum_flow_rate_unit_of_measure values
('liters per minute'),
('milliliters per second'),
('liters per second'),
('milliliters per minute'),
('centiliters per second');

insert into amazon_raw_materials.valid_wheel_tread_width_unit_of_measure values
('DM'),
('FT'),
('CM'),
('MM'),
('M'),
('yards'),
('IN');

insert into amazon_raw_materials.valid_cutting_angle_unit_of_measure values
('degrees');

insert into amazon_raw_materials.valid_bore_diameter_tolerance_unit_of_measure values
('DM'),
('FT'),
('CM'),
('MM'),
('M'),
('yards'),
('IN');

insert into amazon_raw_materials.valid_material_type values
('stainless_steel_2205_Hi_N'),
('Aluminum 7050'),
('ceramic'),
('cobalt'),
('Alloy Steel 4140/4142'),
('torlon_4203'),
('f10 wool'),
('Stainless Steel 321'),
('stainless_steel_17-7_PH'),
('nickel_chromium_steel'),
('chromium_steel'),
('absylux'),
('Aluminum 1100'),
('tool_steel_S7'),
('Aluminum 4032'),
('Bronze 863'),
('stainless_steel_314'),
('Silicate'),
('engineering_thermoplastic_polyurethane'),
('polytetrafluoroethylene'),
('VHMW Polyehtylene'),
('polyethylene_fiber'),
('tool_steel_A2'),
('hastelloy'),
('Turcite'),
('Acetate'),
('Polysulfone'),
('teak'),
('bronze_841'),
('silicon_manganese_steel'),
('neoprene'),
('pigskin'),
('torlon_4301'),
('titanium_3Al-8V-6Cr-4Mo-4Zr'),
('Polyester (PET)'),
('polyetherimide'),
('copper_101'),
('silicone_rubber'),
('Carbon Steel 1018'),
('minteral wool'),
('stainless_steel_440C'),
('f5 wool'),
('LDPE Polyethylene'),
('nickel_400'),
('aluminum_7068'),
('brass_260'),
('stainless_steel_nitronic_60'),
('stainless_steel_201'),
('stainless_steel_202'),
('stainless_steel_203'),
('stainless_steel_204'),
('stainless_steel_205'),
('simriz'),
('cold_rolled_steel_1018'),
('Nickel_400'),
('Mica'),
('pebax'),
('Polyimide foam'),
('Polystyrene'),
('high_speed_steel'),
('UHMV Polyethylene'),
('HDPE'),
('Torlon (Polyamide-imide)'),
('Bronze 510'),
('zirconia'),
('wire_wound'),
('polystyrene'),
('Stainless Steel A286'),
('Alloy Steel 41L40'),
('stainless_steel_348'),
('polyacrylate'),
('Aluminum 7075'),
('Radel'),
('calcim silicate'),
('aluminum_5052'),
('stainless_steel_18-8'),
('aluminum_5056'),
('Acryllic'),
('Bronze 932'),
('mullite'),
('Bronze 936'),
('gum_rubber'),
('rosewood'),
('aluminum_5251'),
('Nylon 6'),
('aluminum_2011'),
('aluminum_2017'),
('Glass'),
('chloroprene_rubber'),
('aluminum_6005'),
('PEEK'),
('CTFE'),
('cerro_alloys'),
('stainless_steel_304N'),
('stainless_steel_410'),
('stainless_steel_304L'),
('diamond'),
('M42 Tool Steel'),
('stainless_steel_414'),
('stainless_steel_416'),
('stainless_steel_316L'),
('stainless_steel_316N'),
('nickel_chromium_molybdenum_steel'),
('cpvc'),
('glass'),
('aluminum_5020'),
('Silica Glass'),
('aluminum_6262'),
('titanium_5Al-2.5Sn'),
('wool'),
('Santoprene rubber'),
('stainless_steel_2507'),
('viton_extreme'),
('Brass 360'),
('brass_270'),
('titanium_grade_23'),
('f1 wool'),
('Bronze 642'),
('Butyl rubber'),
('chlorosulfonated_polyethylene'),
('hydrogenated_nitrile_butadiene_rubber'),
('Aluminum 5052'),
('titanium'),
('stainless_steel_430F'),
('Natural Latex Rubber'),
('polyurethane'),
('Nickel_Alloy_HX'),
('cold_rolled_steel'),
('pine'),
('Cast Ductile Iron'),
('Polycarbonate'),
('SBR rubber/ styrene butadiene'),
('bronze_655'),
('white_high_impact_styrene'),
('stainless_steel_309'),
('Viton/FKM/Fluorelastomer rubber'),
('liquid_silicone_rubber'),
('stainless_steel_301'),
('stainless_steel_303'),
('stainless_steel_302'),
('polyamide_imide'),
('stainless_steel_304'),
('melamine foam'),
('polycarbonate'),
('cadmium'),
('Stainless Steel 309'),
('copper_172'),
('Stainless Steel 304'),
('Stainless Steel 301'),
('polyamide_imide_torlon_4203'),
('Stainless Steel 303'),
('Stainless Steel 302'),
('PVC foam'),
('millboard'),
('f7 wool'),
('f26 wool'),
('stainless_steel_317LMN'),
('chromium_molybdenum_steel_4340'),
('aluminum_4032'),
('ECH rubber'),
('Stainless Steel 420'),
('nickel_molybdenum_steel'),
('titanium_15V-3Cr-3Sn-3Al'),
('polyoxymethylene'),
('Ionomer foam'),
('Bronze 544'),
('nickel_276'),
('Buna-N Foam'),
('Aluminum QC-10'),
('titanium_6Al-6V-2Sn'),
('Aluminum 2011'),
('Aluminum 2017'),
('Borosilicate Glass'),
('Zirconia'),
('Chatter_free_tungsten'),
('Nitrile/ acyrlonitrile butadiene/NBR'),
('titanium_3Al-2.5V'),
('steatite'),
('viton'),
('silver'),
('hot_rolled_steel'),
('kevlar'),
('20s2 wool'),
('Copper 122'),
('brass_230'),
('brass_330'),
('inconel'),
('polyimde foam'),
('Cast Gray Iron'),
('Stainless Steel 17-4 PH'),
('polyimide'),
('mahogany'),
('polysulfone'),
('nitinol'),
('EVA foam'),
('chromium_molybdenum_steel'),
('titanium_grade_4'),
('titanium_grade_5'),
('natural_rubber'),
('titanium_grade_7'),
('burlap'),
('titanium_grade_1'),
('Polyurethane'),
('titanium_grade_3'),
('bronze_936'),
('bronze_932'),
('galvanized_steel'),
('stainless_steel_308'),
('brass_485'),
('stainless_steel_442'),
('stainless_steel_440'),
('stainless_steel_446'),
('phenolic'),
('ironcast_iron'),
('kalrez'),
('porcelain'),
('PVC Type I'),
('Aluminum 5005'),
('polytetrafluoroethylene_fluorosint_500_ptfe'),
('aluminum_7075'),
('ethylene_chlorotrifluoroethlyene_turcite_x_etfe'),
('brass_464'),
('Alloy Steel 4150'),
('fluorosilicon'),
('stainless_steel_309S'),
('W1 Tool Steel'),
('cold_rolled_steel_1008'),
('Monel'),
('copper'),
('stainless_steel_302HQ'),
('Aluminum 6013'),
('silicon_carbide'),
('bronze_544'),
('aluminum_6082'),
('maple'),
('plastic'),
('Aluminum 7068'),
('iron
cast_iron'),
('rulon_j'),
('Noryl (Polyphenyl Oxide)'),
('polyethylene foam'),
('brass_360'),
('Aluminum Porous'),
('PVC Type II'),
('Stainless Steel 420V'),
('Expanding Goam'),
('EDH foam'),
('copper_102'),
('O1 Tool Steel'),
('steel'),
('bismuth'),
('aluminum_2007'),
('synthetic_sapphire'),
('carbon_steel'),
('Stainless Steel 20'),
('Brass 385'),
('stainless_steel_405'),
('stainless_steel_403'),
('stainless_steel_13-8'),
('fluoropolymer'),
('stainless_steel_409'),
('acrylic_latex'),
('tool_steel_D2'),
('stainless_steel_2205'),
('carbide_tipped'),
('Carbon Steel 1215'),
('stainless_steel_17-4'),
('stainless_steel_17-7'),
('Rulon'),
('Polyurethane foam'),
('Stainless Steel 440C'),
('Stainless Steel 440A'),
('EPDM rubber'),
('perfluoroelastomer'),
('stainless_steel_416Se'),
('Vinyl foam'),
('titanium_grade_2'),
('stainless_steel_15-5_PH'),
('Bronze 655'),
('stainless_steel_430FSe'),
('Nylon 6/6'),
('Acetal Copolymer'),
('Carbon Steel 1045'),
('Neoprene foam'),
('Santoprene foam'),
('stainless_steel_302B'),
('Stainless Steel 13-8 PH'),
('stainless_steel_A286'),
('Hypalon Rubber'),
('polyester'),
('aluminum_5086'),
('Carbon steel 1006'),
('EPDM foam'),
('bronze_903'),
('bronze_863'),
('f3 wool'),
('stainless_steel_305'),
('high_density_polyethylene'),
('Aluminum 3003'),
('Silicone foam'),
('gold'),
('S2 Tool Steel'),
('stainless_steel_316'),
('stainless_steel_317'),
('Spring Steel 1095'),
('stainless_steel_310'),
('titanium_13V-11Cr-3Al'),
('Bronze SAE 841'),
('rulon_lr'),
('fiberglass'),
('A6 Tool Steel'),
('Vinyl Rubber'),
('P20 Tool Steel'),
('PVC CPVC'),
('wood'),
('aluminum_852.0'),
('stainless_steel_384'),
('ethylene_vinyl_acetate'),
('polypropylene'),
('polyamide_imide_torlon_4301'),
('Alumina Bisque'),
('tetrafluoroethylene_hexafluoropropylene_vinylidene_fluoride'),
('Stainless Steel 416'),
('Stainless Steel 410'),
('tungsten'),
('bronze_510'),
('silk'),
('Stainless Steel 316'),
('aluminum'),
('leather'),
('nickel*'),
('Gum foam'),
('stainless_steel_440B'),
('stainless_steel_440A'),
('nickel_625'),
('Aluminum 2024'),
('Nylon 6/12'),
('carbon_steel_1010'),
('turcite'),
('hardwood'),
('Copper 182'),
('pvc'),
('nickel_silver'),
('M4 Tool Steel'),
('petg'),
('antimony'),
('Brass 330'),
('Hydex'),
('A2 Tool Steel'),
('stainless_steel_15-7'),
('stainless_steel_15-5'),
('bronze_630'),
('tool_steel_W1'),
('Delrin'),
('polyolefin'),
('polyetheretherketone'),
('Alloy Steel 8620'),
('Spring Steel 5160'),
('carbon'),
('molded_epoxy'),
('Bronze 220'),
('Nickel_625'),
('32s2 wool'),
('Silicon Nitride'),
('UHMW'),
('willow'),
('stainless_steel_436'),
('stainless_steel_434'),
('stainless_steel_431'),
('stainless_steel_430'),
('copper_122'),
('aluminum_mic_6'),
('Alloy Steel 4130'),
('stainless_steel_330'),
('zinc'),
('walnut'),
('chromium'),
('platinum'),
('bronze_385'),
('bronze'),
('Spring Steel 1074/1075'),
('Boron Nitride'),
('bronze_954'),
('Aluminum 5083'),
('rulon_ar'),
('Polyethylene'),
('Aluminum 6020'),
('stainless_steel_321'),
('foam rubber'),
('stainless_steel_329'),
('synthetic_polymer'),
('hot_rolled_steel_A36'),
('aluminum_3003'),
('ruby'),
('aluminum_1100'),
('M50 Tool Steel'),
('alloy_steel'),
('perfluoralkoxy'),
('Stainless Steel 15-5 PH'),
('stainless_steel_17-4_PH'),
('PTFE'),
('acrylonitrile_butadiene_styrene'),
('brass_353'),
('thin_film'),
('Stainless Steel 2205'),
('epdm'),
('ABS'),
('ethylene_chlorotrifluoroethlyene_turcite_a_etfe'),
('aluminum_6020'),
('nickel_600'),
('PPS'),
('polyvinylidene_fluoride'),
('fluorocarbon'),
('Alloy Steel 4340'),
('Vinyl/ Buna-N foam'),
('Aluminum 5205'),
('sillimanite'),
('polymethylpentane'),
('foam'),
('stainless_steel_310S'),
('aluminum_5005'),
('birch'),
('stainless_steel_347'),
('Brass 464'),
('Polypropylene'),
('nylon'),
('nitrile_rubber'),
('Bronze 316'),
('Brass 260'),
('butyl'),
('aluminum_qc_7'),
('pewter'),
('stainless_steel_3RE60'),
('titanium_8Al-1Mo-1V'),
('Brass 485'),
('stainless_steel_2304'),
('Teflon PTFE'),
('bronze_316'),
('Polyethylene foam'),
('elm'),
('cherry'),
('chromium_molybdenum_steel_4130'),
('aluminum_5058'),
('Kapton Polymide'),
('Natural gum rubber'),
('Aflas rubber'),
('Carbon Steel 1144'),
('tool_steel_01'),
('copper_110'),
('Bronze 630'),
('cedar'),
('acetal'),
('resin'),
('chloroprene'),
('24s2 wool'),
('cold_rolled_steel_1144'),
('chromium_vanadium_steel'),
('teflon'),
('aluminum_oxide'),
('quartz'),
('stainless_steel_317L'),
('aluminum_6060'),
('aluminum_6061'),
('aluminum_6063'),
('styrene-butadiene_rubber'),
('D2 Tool Steel'),
('Fluorosilicone rubber'),
('lead'),
('copper_182'),
('Vespel Polyimide'),
('manganese_steel'),
('f13 wool'),
('Aluminum 6063'),
('Aluminum 6061'),
('Aluminum 6060'),
('stainless_steel_303Se'),
('Stainless Steel 430'),
('fibralon'),
('brass_385'),
('cellulose'),
('Carbon Steel 12L14'),
('cork'),
('carbide'),
('low_density_polyethylene'),
('Neoprene'),
('PVDF (Kynar)'),
('nickel_steel'),
('Neoprene/ Vinyl/ Buna-N foam'),
('Ceramic'),
('aluminum_6013'),
('Butyrate'),
('molybdenum_steel'),
('Ultem (Polyetherimide)'),
('Copper 101'),
('cordierite'),
('Silicone rubber'),
('Bronze 954'),
('cellular glass'),
('Copper 110'),
('stainless_steel_420V'),
('bubble wrap'),
('polyurethane foam'),
('polyethylene_terephthalate'),
('cold_rolled_steel_12L14'),
('stainless_steel_420F'),
('fluorinated_ethylene_propylene'),
('fabric'),
('M2/M7 Tool Steel'),
('Brass 353'),
('stainless_steel_429'),
('stainless_steel_420'),
('Cirlex Polymide'),
('stainless_steel_422'),
('S7 tool steel'),
('latex'),
('polyethylene'),
('polyphenylene_oxide'),
('FEP'),
('beech'),
('Aluminum 5086'),
('Carbon steel 1020'),
('Neoprene/ EPDM/SBR foam'),
('stainless_steel'),
('graphite'),
('synthetic_ruby'),
('bronze_220'),
('titanium_grade_12'),
('fluoroelastomer'),
('titanium_grade_11'),
('polyphenylene_ether_noryl_en-265'),
('Carbon Steel 1117'),
('Viton Fluoroelastomer foam'),
('stainless_steel_316F'),
('copper_145'),
('cotton'),
('PETG'),
('Buna-N rubber'),
('oak'),
('rubber'),
('tin'),
('Aluminum MIC 6'),
('H13 Tool Steel'),
('acrylic'),
('silicon_dioxide'),
('Bronze 903'),
('Alloy Steel E52100'),
('tool_steel'),
('felt'),
('Stainless Steel Nitronic 60'),
('aluminum_5754'),
('elastomers'),
('velvet'),
('brass'),
('aluminum_2024'),
('PFA'),
('titanium_6Al-2Sn-4Zr-2Mo'),
('silica'),
('Copper 145'),
('nickel_201'),
('nickel_200'),
('urethane'),
('Tungsten_Carbide'),
('Polstrene foam'),
('bronze_642'),
('Aluminum 2007');

insert into amazon_raw_materials.valid_shank_width_unit_of_measure values
('DM'),
('FT'),
('CM'),
('MM'),
('M'),
('yards'),
('IN');

insert into amazon_raw_materials.valid_currency values
('USD');

insert into amazon_raw_materials.valid_wall_thickness_tolerance_string_unit_of_measure values
('FT'),
('nanometers'),
('CM'),
('MM'),
('M'),
('micrometers'),
('IN');

insert into amazon_raw_materials.valid_upper_temperature_rating_unit_of_measure values
('C'),
('F');

insert into amazon_raw_materials.valid_point_type values
('Thinned point'),
('Cone relief point'),
('Conventional point'),
('Notched point'),
('Special point'),
('Split point'),
('4-facet point'),
('6-facet point');

insert into amazon_raw_materials.valid_hub_diameter_unit_of_measure values
('DM'),
('FT'),
('CM'),
('MM'),
('M'),
('yards'),
('IN');

insert into amazon_raw_materials.valid_corner_style values
('Square'),
('Rounded');

insert into amazon_raw_materials.valid_item_pitch_unit_of_measure values
('yards'),
('inches'),
('feet'),
('decimeters'),
('meters'),
('millimeters'),
('centimeters');

insert into amazon_raw_materials.valid_item_width_unit_of_measure values
('FT'),
('nanometers'),
('CM'),
('MM'),
('M'),
('micrometers'),
('IN');

insert into amazon_raw_materials.valid_missing_keyset_reason values
('NonConsumer'),
('Specialized'),
('PrivateLabel'),
('PreConfigured');

insert into amazon_raw_materials.valid_item_depth_unit_of_measure values
('DM'),
('FT'),
('CM'),
('MM'),
('M'),
('yards'),
('IN');

insert into amazon_raw_materials.valid_spring_rate_unit_of_measure values
('pounds per inch');

insert into amazon_raw_materials.valid_shank_diameter_unit_of_measure values
('DM'),
('FT'),
('CM'),
('MM'),
('M'),
('yards'),
('IN');

insert into amazon_raw_materials.valid_maximum_rotational_speed_unit_of_measure values
('RPS'),
('RPM');

insert into amazon_raw_materials.valid_notch_width_unit_of_measure values
('FT'),
('nanometers'),
('CM'),
('MM'),
('M'),
('micrometers'),
('IN');

insert into amazon_raw_materials.valid_update_delete values
('Update'),
('PartialUpdate'),
('Delete');

insert into amazon_raw_materials.valid_indentation_hardness_unit_of_measure values
('shore_ooo'),
('shore_m'),
('shore_ooo_s'),
('shore_o'),
('shore_a'),
('brinnell'),
('shore_b'),
('shore_e'),
('shore_d'),
('shore_oo'),
('vickers'),
('shore_c'),
('rockwell_d'),
('shore_do'),
('rockwell_a'),
('rockwell_b'),
('rockwell_c');

insert into amazon_raw_materials.valid_minimum_spring_compression_load_unit_of_measure values
('grams'),
('pounds'),
('kilograms'),
('milligrams'),
('newtons'),
('ounces');

insert into amazon_raw_materials.valid_mesh_opening_size_unit_of_measure values
('FT'),
('nanometers'),
('CM'),
('MM'),
('M'),
('micrometers'),
('IN');

insert into amazon_raw_materials.valid_operating_differential_pressure_unit_of_measure values
('bars'),
('psi'),
('pascal');

insert into amazon_raw_materials.valid_is_discontinued_by_manufacturer values
('True'),
('False');

insert into amazon_raw_materials.valid_drain_time_unit_of_measure values
('hours'),
('seconds'),
('minutes');

insert into amazon_raw_materials.valid_offering_can_be_giftwrapped values
('True'),
('False');

insert into amazon_raw_materials.valid_thread_type values
('UNC'),
('Metric'),
('BMTP'),
('UNF');

insert into amazon_raw_materials.valid_operating_vacuum_pressure_unit_of_measure values
('bars'),
('psi'),
('pascal');

insert into amazon_raw_materials.valid_package_weight_unit_of_measure values
('MG'),
('LB'),
('GR'),
('OZ'),
('KG');

insert into amazon_raw_materials.valid_offering_can_be_gift_messaged values
('True'),
('False');

insert into amazon_raw_materials.valid_rod_outside_diameter_maximum_unit_of_measure values
('FT'),
('nanometers'),
('CM'),
('MM'),
('M'),
('micrometers'),
('IN');

